Net Profit,Total Trades,% Profitable,Avg Trade,Max Intraday Drawdown,Profit Factor,Return on Account,Custom Fitness Value,simulationCount (_RandomStratTypeTrades)
-4358.662,3,0,-1452.88733333333,-4438.215,0,-100,0,1
-2579,5,0,-515.8,-3347.5,0,-100,0,2
-4528.038,6,33.3333333333333,-754.673,-5649.466,0.154392955226155,-91.9031712416932,0,3
0,0,0,0,0,0,0,0,4
-2446.5,14,28.5714285714286,-174.75,-5737,0.641564720533294,-63.0459992269037,0,5
0,0,0,0,0,0,0,0,6
0,0,0,0,0,0,0,0,7
-1825.003,7,57.1428571428571,-260.714714285714,-6835.358,0.549739515485975,-45.0260484514025,0,8
-4194.021,9,22.2222222222222,-466.002333333333,-7518.217,0.531427180305114,-76.1955224726613,0,9
6184.132,78,43.5897435897436,79.2837435897436,-11462.471,1.21078591404795,56.9822550688384,0,10
-1898,5,40,-379.6,-2917.5,0.376170912078882,-84.8268156424581,0,11
-1755.718,7,57.1428571428571,-250.816857142857,-6570.538,0.53278756142462,-47.7444597605378,0,12
-1385,1,0,-1385,-1912.5,0,-100,0,13
-17949.391,70,35.7142857142857,-256.419871428571,-21729.391,0.510987303001566,-89.4629191779021,0,14
-797.322,2,0,-398.661,-2200,0,-100,0,15
-2178.751,6,50,-363.125166666667,-3980,0.222668076656042,-84.4652282546962,0,16
-3501.877,5,20,-700.3754,-4707.947,0.0385122059973466,-96.1487794002653,0,17
1819.06,23,34.7826086956522,79.0895652173913,-9985.627,1.17071355819794,20.7699659984378,0,18
-12350.906,49,32.6530612244898,-252.059306122449,-16267.242,0.512219717721128,-83.2987416000899,0,19
-30423.125,58,32.7586206896552,-524.536637931034,-33686.25,0.422923261135019,-97.4709651581898,0,20
-1216.875,41,48.780487804878,-29.6798780487805,-9613.75,0.934646885069817,-20.3129890453834,0,21
2806.784,5,40,561.3568,-2738.215,2.90083217753121,190.083217753121,0,22
-27598.428,94,35.1063829787234,-293.60029787234,-29436.817,0.480348445460442,-97.430453728754,0,23
-23263.902,62,33.8709677419355,-375.224225806452,-23804.794,0.48577170466337,-100,0,24
-10236.882,45,33.3333333333333,-227.486266666667,-17296.881,0.606407651182036,-62.2515496326678,0,25
4581.066,17,47.0588235294118,269.474470588235,-6830.36,1.50872453901459,75.4661338042554,0,26
-10020.909,15,20,-668.0606,-12128.815,0.169894162822667,-86.258391030974,0,27
-20266,38,31.5789473684211,-533.315789473684,-22065,0.372758996897221,-100,0,28
-23840.625,89,33.7078651685393,-267.872191011236,-28863.125,0.599405593303998,-89.9222065063649,0,29
-615.893,1,0,-615.893,-2415,0,-100,0,30
-682.5,1,0,-682.5,-1705,0,-100,0,31
-27435.161,46,26.0869565217391,-596.416543478261,-29725.161,0.285846699583383,-96.8664667490106,0,32
4133.5,31,38.7096774193548,133.338709677419,-6897.625,1.28032993955629,76.954224942403,0,33
971.625,1,100,971.625,-3302.5,0,0,0,34
-3102.762,28,39.2857142857143,-110.812928571429,-10267.096,0.825663414793664,-38.8971029401846,0,35
6428.625,1,100,6428.625,-4052.5,0,0,0,36
6687.229,8,50,835.903625,-3804.376,3.29168674294166,248.035810589769,0,37
1058.034,6,66.6666666666667,176.339,-3467.144,1.47437855268078,67.7761179497166,0,38
-1571.34,1,0,-1571.34,-6155,0,-100,0,39
-900,4,25,-225,-3025.5,0.516389038151531,-48.3610961848469,0,40
-16898.985,188,43.6170212765957,-89.8882180851064,-19735.931,0.773952371846873,-89.6691439653472,0,41
-6003.319,18,38.8888888888889,-333.517722222222,-7990.974,0.254842398170309,-94.5981093989565,0,42
-23847.5,58,39.6551724137931,-411.163793103448,-25212.5,0.353726287262873,-96.9903406202339,0,43
0,0,0,0,0,0,0,0,44
9721.334,13,53.8461538461538,747.794923076923,-3172.5,5.67692466084922,1098.0091714105,0,45
-9707.5,25,28,-388.3,-12760,0.389849151477058,-91.3647058823529,0,46
-13057.873,50,32,-261.15746,-14539.658,0.546590564346067,-100,0,47
-21579.75,97,32.9896907216495,-222.471649484536,-24356.75,0.546553408768557,-98.8208222189149,0,48
-7546.255,12,16.6666666666667,-628.854583333333,-9997.415,0.214742794291105,-88.4681148639817,0,49
-2201.564,7,14.2857142857143,-314.509142857143,-7183.938,0.590416299078384,-40.9583700921616,0,50
6659.285,3,100,2219.76166666667,-3172.5,0,0,0,51
-3587.858,2,0,-1793.929,-3794.286,0,-100,0,52
-12508.356,36,30.5555555555556,-347.454333333333,-13493.98,0.415454826103695,-100,0,53
-13155.943,32,28.125,-411.12321875,-14514.786,0.454846229173759,-99.1895015494845,0,54
-3880.943,11,18.1818181818182,-352.813,-6347.773,0.344010351300209,-77.7312126948291,0,55
-3867.423,31,38.7096774193548,-124.755580645161,-12659.554,0.793632363102429,-40.8833581704018,0,56
-21892.5,50,28,-437.85,-23332.5,0.289420833755959,-100,0,57
-74.02,7,28.5714285714286,-10.5742857142857,-5425.716,0.981737557199663,-1.82624428003366,0,58
-18897.776,52,28.8461538461538,-363.418769230769,-21307.686,0.473151527659831,-98.3202582349915,0,59
-6527.189,10,20,-652.7189,-6750.001,0.171315182610082,-100,0,60
-30712.5,86,27.906976744186,-357.122093023256,-34630,0.448583868216706,-98.1543624161074,0,61
0,0,0,0,0,0,0,0,62
-1564.378,9,33.3333333333333,-173.819777777778,-4848.75,0.572793406223093,-42.7206593776907,0,63
-598,2,50,-299,-3025.5,0.607224958949097,-39.2775041050903,0,64
-14330.008,36,25,-398.055777777778,-19874.292,0.383561022735788,-79.0823407300206,0,65
-1334,2,50,-667,-2202.75,0.247496826963757,-75.2503173036243,0,66
-23542.334,62,35.4838709677419,-379.715064516129,-25302.334,0.474341276371569,-100,0,67
-36421.259,69,24.6376811594203,-527.844333333333,-36909.831,0.323355161032282,-100,0,68
0,0,0,0,0,0,0,0,69
-31990.109,122,32.7868852459016,-262.214008196721,-35692.251,0.584865660247246,-92.671180163603,0,70
-12544.31,107,38.3177570093458,-117.236542056075,-17640.81,0.780415277243543,-79.9427643325919,0,71
-1622.948,8,12.5,-202.8685,-4652.948,0.609348496136085,-51.6128498806633,0,72
-5339.293,34,29.4117647058824,-157.038029411765,-13946.077,0.714985343289029,-44.4160951635199,0,73
-9945,69,39.1304347826087,-144.130434782609,-13302.5,0.684060042887777,-82.020618556701,0,74
-3884.822,6,0,-647.470333333333,-5339.822,0,-100,0,75
913.745,13,23.0769230769231,70.2880769230769,-3978.038,1.18714680008455,28.1074731066533,0,76
-2394.064,3,0,-798.021333333333,-3186.876,0,-100,0,77
-8677.015,35,28.5714285714286,-247.914714285714,-14266.969,0.541936373134807,-68.8959281838407,0,78
5431.071,3,66.6666666666667,1810.357,-2837.5,9.79525668016194,879.525668016194,0,79
-10798.392,56,33.9285714285714,-192.828428571429,-16277.382,0.693883085896865,-73.1002181283314,0,80
-1791.563,2,50,-895.7815,-3059.063,0.00555073566675159,-99.4449264333248,0,81
4923.739,57,42.1052631578947,86.3813859649123,-9072.501,1.17794268987571,74.4751485006393,0,82
449.725,38,34.2105263157895,11.8348684210526,-6016.34,1.02951192535086,8.27242941694111,0,83
5208.5,5,80,1041.7,-3401.5,4.05304806565064,305.304806565064,0,84
-495.988,17,35.2941176470588,-29.1757647058824,-6687.771,0.941918766980535,-8.61156509085681,0,85
4785.982,1,100,4785.982,-3302.5,0,0,0,86
-3898.047,30,46.6666666666667,-129.9349,-7926.969,0.595668435103232,-69.2216511633111,0,87
-30357.5,265,33.5849056603774,-114.556603773585,-33490,0.670394397546212,-93.0926096289482,0,88
-6946.077,12,33.3333333333333,-578.83975,-10101.786,0.203594927600289,-100,0,89
-7833.228,42,28.5714285714286,-186.505428571429,-11248.849,0.688502150934826,-73.0759557344064,0,90
1130.803,4,25,282.70075,-3081.161,1.66350542103849,66.3505421038488,0,91
-2863.575,7,28.5714285714286,-409.082142857143,-5006.965,0.442903858832987,-72.2766354574056,0,92
-25316.981,44,18.1818181818182,-575.385931818182,-25765.373,0.415596806598985,-100,0,93
673.213,5,40,134.6426,-3347.5,2.10427232942504,159.745295174276,0,94
-8797.875,22,36.3636363636364,-399.903409090909,-12186.5,0.553588644205399,-77.2141344771977,0,95
-12179.247,53,35.8490566037736,-229.797113207547,-19341.564,0.611176220595858,-69.6129014742215,0,96
-3810.283,31,38.7096774193548,-122.91235483871,-11220.718,0.828142455804432,-40.5769183256885,0,97
-1119.287,5,40,-223.8574,-4209.644,0.598770667511697,-40.1229332488303,0,98
-130.893,1,0,-130.893,-632.5,0,-100,0,99
-35137.5,252,36.1111111111111,-139.434523809524,-37290,0.595120124445469,-95.9189244523306,0,100
-2517.866,34,38.2352941176471,-74.0548823529412,-7141.075,0.820113483140528,-46.9258310628633,0,101
-7639.377,9,22.2222222222222,-848.819666666667,-8178.841,0.0962470134679641,-100,0,102
-15108.667,43,23.2558139534884,-351.364348837209,-16978.933,0.414021791392202,-100,0,103
1072.657,120,40.8333333333333,8.93880833333333,-8007.234,1.02607191158208,14.6106348763992,0,104
-7278.575,14,21.4285714285714,-519.898214285714,-11722.859,0.384828818771939,-68.7097761435243,0,105
2429.062,2,100,1214.531,-2837.5,0,0,0,106
-21009.125,51,27.4509803921569,-411.94362745098,-23220.75,0.355033922760484,-94.390686337828,0,107
-11339.379,12,16.6666666666667,-944.94825,-12339.379,0.00988544690272325,-99.7361333455416,0,108
-14160.996,37,29.7297297297297,-382.729621621622,-14460.996,0.347613120696582,-100,0,109
0,0,0,0,0,0,0,0,110
-9457.5,47,42.5531914893617,-201.223404255319,-13050,0.634210017404757,-86.2713797035348,0,111
0,0,0,0,0,0,0,0,112
0,0,0,0,0,0,0,0,113
-34865.323,154,30.5194805194805,-226.398201298701,-38268.89,0.565584847769769,-92.6742020962011,0,114
-16979.671,74,36.4864864864865,-229.455013513514,-19717.972,0.59815524122335,-95.2364849630006,0,115
-24249.838,47,19.1489361702128,-515.954,-26026.084,0.233682995321548,-100,0,116
-325,1,0,-325,-1527.5,0,-100,0,117
-5072,6,0,-845.333333333333,-5988,0,-100,0,118
-15137.703,39,33.3333333333333,-388.146230769231,-20462.292,0.414952670064166,-87.1745209064877,0,119
-1276.5,4,25,-319.125,-3113.75,0.197800471327573,-80.2199528672427,0,120
-18660,55,30.9090909090909,-339.272727272727,-20865,0.444560202411073,-100,0,121
-11425.005,10,20,-1142.5005,-12305.358,0.248302117543522,-100,0,122
-12508.356,36,30.5555555555556,-347.454333333333,-13493.98,0.415454826103695,-100,0,123
-18645.281,72,36.1111111111111,-258.962236111111,-22677.513,0.565012401917257,-92.051460162486,0,124
-16547.375,67,32.8358208955224,-246.975746268657,-21171.75,0.572700804379543,-91.1010942123735,0,125
-7415.631,50,28,-148.31262,-14148.754,0.726338425207404,-59.0357539143783,0,126
-8086.438,67,38.8059701492537,-120.693104477612,-12675.717,0.779528109924831,-72.8086097144978,0,127
-13608.852,51,33.3333333333333,-266.840235294118,-14571.352,0.565184695791802,-100,0,128
136.75,2,100,68.375,-2669.875,0,0,0,129
-30890.642,81,35.8024691358025,-381.365950617284,-31690.017,0.515215254862318,-100,0,130
-20233.286,41,31.7073170731707,-493.494780487805,-21058.097,0.327414545324964,-100,0,131
-4207.335,38,36.8421052631579,-110.719342105263,-12544.019,0.820570501989858,-42.6533545809269,0,132
3455.123,6,50,575.853833333333,-8085.594,2.63165062857634,229.485704645475,0,133
-2501.412,21,38.0952380952381,-119.114857142857,-10055.783,0.845648456945511,-33.9829607801235,0,134
-38029,71,28.169014084507,-535.619718309859,-38745.5,0.402196040210958,-100,0,135
-2571.713,38,23.6842105263158,-67.6766578947368,-8701.699,0.88600614988327,-35.995400696474,0,136
-18673.5,75,33.3333333333333,-248.98,-21515,0.593384758597038,-91.7008372823925,0,137
-10216.25,23,39.1304347826087,-444.184782608696,-16938.125,0.474337535374325,-67.3645167937358,0,138
-218.215,3,33.3333333333333,-72.7383333333333,-3170.715,0.901068361052992,-14.9389169002851,0,139
-22092.509,58,27.5862068965517,-380.905327586207,-23103.044,0.473776527053211,-99.3395725349227,0,140
-5832.149,17,23.5294117647059,-343.067588235294,-7604.648,0.351301662491723,-89.303308057917,0,141
-36051.802,58,27.5862068965517,-621.582793103448,-38688.23,0.298989243571367,-100,0,142
-2542.5,8,37.5,-317.8125,-5665,0.54127198917456,-54.8691664418667,0,143
-1058.218,9,44.4444444444444,-117.579777777778,-2054.646,0.613839646557258,-69.116058400835,0,144
-15715.732,44,25,-357.175727272727,-15801.892,0.41912516081426,-100,0,145
-1218.215,2,0,-609.1075,-3089.287,0,-100,0,146
-15711.5,44,29.5454545454545,-357.079545454545,-17154.5,0.53038318986131,-97.9245224220138,0,147
0,0,0,0,0,0,0,0,148
-25337.829,110,32.7272727272727,-230.3439,-27509.391,0.608929485164031,-98.0079549514678,0,149
-20457.5,119,35.2941176470588,-171.911764705882,-23440,0.583562340966921,-94.5574300901317,0,150
3298.873,25,40,131.95492,-8105.946,1.28067713263701,47.2925919947289,0,151
-12998.5,74,40.5405405405405,-175.655405405405,-14984.25,0.581517014906152,-97.3415209495638,0,152
4832.5,1,100,4832.5,-3172.5,0,0,0,153
-13356.375,23,39.1304347826087,-580.711956521739,-18786.625,0.276288073257791,-80.4025734602506,0,154
-12805,34,26.4705882352941,-376.617647058824,-14740,0.387210623915774,-97.8227654698243,0,155
0,0,0,0,0,0,0,0,156
-2475.25,8,37.5,-309.40625,-6490,0.608485902961762,-49.7787833081951,0,157
-10145.016,36,38.8888888888889,-281.806,-13944.781,0.511003818646858,-77.0575471994772,0,158
-2660,67,35.8208955223881,-39.7014925373134,-10490,0.877616747181965,-30.0056401579244,0,159
-33308.125,105,34.2857142857143,-317.220238095238,-35933.125,0.548153800500233,-98.9380859556298,0,160
6197.5,8,50,774.6875,-3971.875,3.01299228583029,217.360806663744,0,161
-7217.504,11,18.1818181818182,-656.136727272727,-8720.181,0.183433397334923,-100,0,162
-16007.24,33,27.2727272727273,-485.067878787879,-17808.311,0.40989863879109,-94.0732396822915,0,163
-4506,4,25,-1126.5,-7445.5,0.0837738918259455,-91.6226108174054,0,164
-7728.224,24,29.1666666666667,-322.009333333333,-11715.722,0.333322636439315,-83.8558602078259,0,165
-6390.001,7,14.2857142857143,-912.857285714286,-8339.286,0.110868057014638,-88.9131942985362,0,166
-3449.815,12,33.3333333333333,-287.484583333333,-6024.69,0.429199012411699,-70.4627711940914,0,167
103.922,19,36.8421052631579,5.46957894736842,-5254.47,1.02048731346741,2.48468262807035,0,168
-9988.5,24,29.1666666666667,-416.1875,-10408,0.350182971456453,-100,0,169
-2018,3,33.3333333333333,-672.666666666667,-2799.5,0.0194363459669582,-100,0,170
-7224.669,71,38.0281690140845,-101.755901408451,-11281.968,0.783902922532064,-72.5783221272963,0,171
5876.426,13,46.1538461538462,452.032769230769,-7137.143,1.87740563571314,111.779839353809,0,172
-23865,179,33.5195530726257,-133.324022346369,-30255,0.691875665730609,-81.6176470588235,0,173
-10505.827,50,34,-210.11654,-15642.519,0.68147887072001,-80.0595297290101,0,174
-26025,60,25,-433.75,-28812.5,0.243843974722162,-96.3621216328798,0,175
4772.316,13,46.1538461538462,367.101230769231,-4262.143,1.72689327013294,148.67852485278,0,176
2773.031,10,70,277.3031,-3264.643,2.08005060173297,136.016235438381,0,177
-21407.514,77,35.0649350649351,-278.019662337662,-24603.584,0.606941495857314,-96.7742539199254,0,178
-1081.25,29,37.9310344827586,-37.2844827586207,-10293.75,0.937517155694246,-14.4123429637775,0,179
-18340.682,68,26.4705882352941,-269.715911764706,-22043.271,0.451935041118733,-93.5620672468932,0,180
-24543.245,131,32.824427480916,-187.353015267176,-27247.53,0.650887408237774,-92.4315499101849,0,181
-6896.625,27,33.3333333333333,-255.430555555556,-8980.75,0.507919944346337,-91.7317859874306,0,182
3926.625,5,60,785.325,-3172.5,2.89246340140972,298.631048578762,0,183
-6538.931,10,30,-653.8931,-7667.145,0.213632147451481,-100,0,184
-17838.58,34,26.4705882352941,-524.664117647059,-21195.008,0.461343357170586,-93.3607576221467,0,185
-13254.293,19,21.0526315789474,-697.594368421053,-13446.614,0.276505558704239,-100,0,186
-6750.896,19,15.7894736842105,-355.310315789474,-7782.592,0.356192737368366,-94.2744595089776,0,187
-2922.145,3,0,-974.048333333333,-5061.072,0,-100,0,188
-25200.25,198,36.3636363636364,-127.27398989899,-27118.125,0.703416996567851,-95.3566141169904,0,189
2639.994,21,47.6190476190476,125.714,-4889.643,1.51315367471348,101.093651993502,0,190
0,0,0,0,0,0,0,0,191
-10326.346,17,41.1764705882353,-607.432117647059,-13280.852,0.220585072975806,-93.5939761795632,0,192
-9903.041,29,34.4827586206897,-341.484172413793,-13486.253,0.52910542478956,-86.8415551124586,0,193
-30169.097,93,29.0322580645161,-324.398892473118,-34842.44,0.458433743147487,-89.0076719415936,0,194
-5168.573,5,20,-1033.7146,-7221.073,0.113506752072514,-88.6493247927486,0,195
-1897.5,14,35.7142857142857,-135.535714285714,-8885,0.81026897310269,-29.8114689709348,0,196
-2480.36,4,25,-620.09,-4089.645,0.162041106728982,-83.7958893271018,0,197
-95.985,13,53.8461538461538,-7.38346153846154,-5547.5,0.983901165888686,-2.45497109587086,0,198
-26638.404,43,25.5813953488372,-619.497767441861,-28273.046,0.187650300559951,-97.7453271246655,0,199
-188,6,33.3333333333333,-31.3333333333333,-2991.5,0.922998156870776,-7.70018431292238,0,200
0,0,0,0,0,0,0,0,201
-4507.859,5,20,-901.5718,-7844.286,0.1389589520031,-100,0,202
-15537.151,40,27.5,-388.428775,-16668.758,0.513742318481759,-100,0,203
-22247.125,42,23.8095238095238,-529.693452380952,-25651.875,0.292787888420885,-91.8462975482126,0,204
3413.569,8,12.5,426.696125,-4875.716,1.75289390156136,81.7481121800429,0,205
1979.125,9,55.5555555555556,219.902777777778,-3460.375,1.78102801894238,92.2185334032267,0,206
-1742.858,3,0,-580.952666666667,-2118.036,0,-100,0,207
-10722.5,61,40.9836065573771,-175.77868852459,-20297.5,0.687663850859307,-74.6822218352777,0,208
-12681.439,33,39.3939393939394,-384.28603030303,-15862.376,0.486197084102262,-86.254350997417,0,209
-24961.455,167,36.5269461077844,-149.469790419162,-28481.453,0.664562668162429,-92.6728522684814,0,210
-5932.865,27,29.6296296296296,-219.735740740741,-8376.076,0.525004597544523,-93.2944264864705,0,211
-5540.719,16,31.25,-346.2949375,-6813.618,0.483382988331099,-100,0,212
-4688.24,66,36.3636363636364,-71.0339393939394,-9687.684,0.851590671558352,-50.2822601619825,0,213
-6146.966,6,0,-1024.49433333333,-7056.876,0,-100,0,214
-8287.696,42,35.7142857142857,-197.326095238095,-11668.626,0.667159212527964,-86.7270331841437,0,215
-22669.643,82,41.4634146341463,-276.45906097561,-25314.705,0.565899994153824,-100,0,216
-31718.957,92,32.6086956521739,-344.77127173913,-37012.073,0.505310707842555,-91.3110714687506,0,217
-6475.253,12,33.3333333333333,-539.604416666667,-10180.94,0.225610494068707,-79.0701397392582,0,218
-14699.217,111,36.036036036036,-132.425378378378,-16649.217,0.739985669086297,-89.4972162143255,0,219
-29649.202,47,19.1489361702128,-630.834085106383,-32469.202,0.281109403400277,-95.9545880828896,0,220
-17253.125,45,28.8888888888889,-383.402777777778,-18756.25,0.452694397081566,-98.6809179952813,0,221
-771.095,5,40,-154.219,-3754.375,0.716460405687449,-45.4420626151013,0,222
-10477.25,52,34.6153846153846,-201.485576923077,-18269,0.619289432327105,-61.3188774763702,0,223
-4921.084,24,33.3333333333333,-205.045166666667,-10165.011,0.534209199443181,-56.046443611475,0,224
0,0,0,0,0,0,0,0,225
5185.031,2,50,2592.5155,-4040,41.6669098039216,4066.69098039216,0,226
-47049.141,84,28.5714285714286,-560.108821428571,-49166.195,0.328017087330651,-100,0,227
-19462.246,64,31.25,-304.09759375,-22377.78,0.496968577423562,-94.3938099550988,0,228
0,0,0,0,0,0,0,0,229
-1400,16,56.25,-87.5,-4257.5,0.718875502008032,-65.2680652680653,0,230
0,0,0,0,0,0,0,0,231
0,0,0,0,0,0,0,0,232
0,0,0,0,0,0,0,0,233
-22935.011,76,31.5789473684211,-301.776460526316,-24408.225,0.49821244696829,-100,0,234
-1601.429,5,40,-320.2858,-3482.5,0.589527580791551,-66.1259500220086,0,235
-7009.289,15,26.6666666666667,-467.285933333333,-11096.163,0.51145063973002,-99.8308827184328,0,236
-29194.306,112,32.1428571428571,-260.663446428571,-30864.306,0.598006649413107,-100,0,237
-14295.142,66,30.3030303030303,-216.593060606061,-17111.031,0.622236610297107,-92.6539409357897,0,238
-24998.5,43,34.8837209302326,-581.360465116279,-25481.75,0.30917607395023,-100,0,239
-13913,27,22.2222222222222,-515.296296296296,-17265.5,0.431858669075949,-88.6997545503809,0,240
-15865.625,17,17.6470588235294,-933.272058823529,-16730.625,0.0763380999163119,-100,0,241
2265.625,1,100,2265.625,-2837.5,0,0,0,242
-25836.097,98,33.6734693877551,-263.633642857143,-27821.72,0.567347270484123,-96.062097167956,0,243
-5142.86,8,25,-642.8575,-8560.806,0.234215520817606,-76.5784479182394,0,244
-5109.871,8,25,-638.733875,-7371.165,0.1472704455833,-86.7799544453177,0,245
-3558.395,6,16.6666666666667,-593.065833333333,-6111.519,0.478002170201985,-62.1931868093071,0,246
1755.437,39,35.8974358974359,45.0112051282051,-6415.537,1.09300083102443,30.6184574790207,0,247
-1046.072,2,0,-523.036,-3065,0,-100,0,248
-7323.752,22,36.3636363636364,-332.897818181818,-9172.314,0.509590035796318,-87.2089211412467,0,249
-31202.876,98,30.6122448979592,-318.396693877551,-32302.518,0.518220644025587,-99.5782928862527,0,250
-24634.709,63,25.3968253968254,-391.027126984127,-30086.401,0.420029204882077,-87.3450413827506,0,251
1589.374,5,40,317.8748,-4440,1.69009454545455,82.8472955602422,0,252
-5721.083,24,37.5,-238.378458333333,-10910.359,0.453014367223482,-72.6354003376399,0,253
-7501.176,34,32.3529411764706,-220.622823529412,-13075.806,0.696689239153852,-75.7024616902154,0,254
-22179.478,51,33.3333333333333,-434.891725490196,-28049.029,0.426749456193931,-87.1883390674708,0,255
-35038.763,125,29.6,-280.310104,-37337.422,0.562266130800197,-98.1067885294556,0,256
-20862.805,66,28.7878787878788,-316.103106060606,-24203.143,0.43029346100326,-90.95518661508,0,257
-10073.051,34,26.4705882352941,-296.266205882353,-20365.368,0.671015104487856,-50.7202638789814,0,258
4512.556,29,31.0344827586207,155.605379310345,-5287.188,1.4323353512565,166.476526086594,0,259
-28612.167,85,31.7647058823529,-336.613729411765,-31553.952,0.401781348093712,-96.178739338448,0,260
-10885.631,28,32.1428571428571,-388.772535714286,-14588.754,0.430835339411356,-93.8846068528599,0,261
-5425,23,34.7826086956522,-235.869565217391,-9110.5,0.628907586018196,-65.9133709981168,0,262
-8295.94,21,28.5714285714286,-395.044761904762,-13191.252,0.451440168425485,-74.0812113115755,0,263
3609.999,6,16.6666666666667,601.6665,-5252.188,1.58461512799755,79.8010102678065,0,264
-11856.438,50,44,-237.12876,-13898.938,0.649687954290458,-100,0,265
2340,61,37.7049180327869,38.3606557377049,-7670,1.10280065897858,39.0162567736557,0,266
989.997,8,37.5,123.749625,-6853.573,1.19541700338369,22.1794737086186,0,267
-23939.233,92,38.0434782608696,-260.209054347826,-25836.545,0.565068468573909,-97.3672103990211,0,268
3387.139,10,60,338.7139,-5501.429,1.99569402787417,163.686284212871,0,269
-6406.705,28,39.2857142857143,-228.810892857143,-8185.27,0.452660889397382,-87.6333608086441,0,270
-1283.215,2,50,-641.6075,-2229.643,0.139401048373251,-86.0598951626749,0,271
-4813.25,18,27.7777777777778,-267.402777777778,-8060.875,0.607522168993986,-95.3048040987055,0,272
-71.5,2,50,-35.75,-2257.5,0.794244604316547,-20.5755395683453,0,273
-875.715,1,0,-875.715,-1527.5,0,-100,0,274
-13388.944,73,31.5068493150685,-183.410191780822,-21888.401,0.678008785882907,-69.2797919227673,0,275
-10179.734,13,23.0769230769231,-783.056461538461,-10324.823,0.209637120013218,-100,0,276
-1858.75,3,0,-619.583333333333,-2628.125,0,-100,0,277
-26505.041,145,31.7241379310345,-182.793386206897,-29456.991,0.632181094459454,-92.1967863530184,0,278
-16488.347,46,32.6086956521739,-358.442326086957,-18490.847,0.470364024880161,-92.8615064096914,0,279
-3701.084,33,36.3636363636364,-112.154060606061,-9546.431,0.748146167175841,-45.8156051019674,0,280
0,0,0,0,0,0,0,0,281
-5860.895,13,38.4615384615385,-450.838076923077,-8813.572,0.352732240044891,-79.2261222437305,0,282
-11968.407,50,42,-239.36814,-16062.692,0.576428068019205,-81.1859019994401,0,283
-828.038,6,66.6666666666667,-138.006333333333,-4783.751,0.655880454699032,-35.1554900972633,0,284
3617.653,31,45.1612903225806,116.698483870968,-6307.5,1.35312469191357,112.120947274236,0,285
404.788,86,40.6976744186046,4.70683720930233,-10922.86,1.01199244252263,5.05758988951812,0,286
-2349.11,11,36.3636363636364,-213.555454545455,-7332.68,0.648815709237209,-62.0607046268065,0,287
-681.031,7,42.8571428571429,-97.2901428571429,-3351.474,0.807918854627986,-24.9571972401015,0,288
3247.18,35,48.5714285714286,92.7765714285714,-8233.755,1.27495581009879,54.0339957663791,0,289
-7760.746,81,40.7407407407407,-95.8116790123457,-17237.344,0.764402760424221,-48.3190839980771,0,290
2361.071,3,33.3333333333333,787.023666666667,-2837.5,2.26939301075269,126.939301075269,0,291
-4760.901,66,48.4848484848485,-72.1348636363636,-12948.219,0.834791341914669,-40.1993832926673,0,292
-6041.475,5,0,-1208.295,-6288.617,0,-100,0,293
-15881,57,31.5789473684211,-278.614035087719,-25303.5,0.549302569778497,-65.6728144901166,0,294
9115,47,48.936170212766,193.936170212766,-3857.5,1.80414644905161,293.086816720257,0,295
-13527.353,84,33.3333333333333,-161.039916666667,-21108.326,0.637293137870888,-70.0570939799651,0,296
-13076.268,56,28.5714285714286,-233.504785714286,-15363.423,0.569460563185142,-94.3593312401424,0,297
-10762.5,38,36.8421052631579,-283.223684210526,-13877.25,0.622848131762232,-90.3709301593299,0,298
-1876.5,7,28.5714285714286,-268.071428571429,-4621.25,0.483164635405908,-51.6835364594092,0,299
-10099.295,50,34,-201.9859,-18174.645,0.739227066711664,-61.9866981990257,0,300
-33602.331,65,32.3076923076923,-516.958938461538,-33718.223,0.34821242393963,-100,0,301
-123.25,16,50,-7.703125,-3927,0.97224411665353,-3.5081477264641,0,302
-529.291,13,23.0769230769231,-40.7146923076923,-4632.322,0.904774798373894,-18.9898300609134,0,303
3692.5,63,39.6825396825397,58.6111111111111,-10782.5,1.12017900732303,41.6056338028169,0,304
3214.75,3,66.6666666666667,1071.58333333333,-4611,5.850622406639,485.0622406639,0,305
-21964.882,69,24.6376811594203,-318.331623188406,-22598.194,0.482937505134754,-100,0,306
-12505.846,67,32.8358208955224,-186.654417910448,-14851.97,0.706702984098186,-96.3693000894968,0,307
0,0,0,0,0,0,0,0,308
-2212.059,22,36.3636363636364,-100.548136363636,-5601.252,0.799032656958168,-59.0275602254515,0,309
288.432,33,33.3333333333333,8.74036363636364,-10455.447,1.01342469428465,3.39843889456476,0,310
-726,8,37.5,-90.75,-3930.5,0.697563007706728,-51.4893617021277,0,311
-106.5,4,50,-26.625,-3937.5,0.927918781725888,-7.20812182741117,0,312
-33737.515,93,29.0322580645161,-362.768978494624,-35997.514,0.487004590917229,-100,0,313
1391.16,1,100,1391.16,-4052.5,0,0,0,314
9153.125,2,50,4576.5625,-3172.5,125.744463373083,12474.4463373083,0,315
-31365.69,51,25.4901960784314,-615.013529411765,-33605.02,0.307635708417673,-100,0,316
-1777.375,3,33.3333333333333,-592.458333333333,-2984,0.025561951754386,-97.4438048245614,0,317
-853.577,11,36.3636363636364,-77.5979090909091,-5756.253,0.868932574771943,-27.2226561366323,0,318
-11359.974,100,39,-113.59974,-14954.391,0.747567717170312,-82.7067686690026,0,319
-35392.522,140,34.2857142857143,-252.803728571429,-37185.958,0.583629698100808,-100,0,320
-24422.869,49,20.4081632653061,-498.425897959184,-27320.369,0.398084971792059,-95.1588461478968,0,321
-3340.194,17,29.4117647058824,-196.482,-7795.786,0.439847097201343,-63.8762891408392,0,322
-1044.823,3,33.3333333333333,-348.274333333333,-1749.376,0.0656331743001122,-93.4366825699888,0,323
-21292.861,60,40,-354.881016666667,-22959.641,0.521344826377734,-95.8546218070891,0,324
-3269.921,45,35.5555555555556,-72.6649111111111,-10315.99,0.834816042507961,-35.4332348583465,0,325
2904.281,18,33.3333333333333,161.348944444444,-5028.304,1.51395862573257,105.370662769587,0,326
-9432.5,22,27.2727272727273,-428.75,-9972.5,0.308626139539145,-97.3426212590299,0,327
-6980,58,36.2068965517241,-120.344827586207,-11862.5,0.716260162601626,-81.3756922180122,0,328
-978.572,1,0,-978.572,-1852.5,0,-100,0,329
-28645,46,23.9130434782609,-622.717391304348,-29777.5,0.188986409966025,-100,0,330
-29376.703,50,24,-587.53406,-31256.703,0.326605856798011,-100,0,331
-18922.42,44,29.5454545454545,-430.055,-21012.42,0.353754448944285,-95.1716139182252,0,332
-10445.875,30,30,-348.195833333333,-14972.625,0.603870894344399,-78.304176310192,0,333
-14895.6,38,28.9473684210526,-391.989473684211,-17690.6,0.43671362887855,-100,0,334
0,0,0,0,0,0,0,0,335
-11929.25,81,37.037037037037,-147.274691358025,-13611.125,0.621126766154933,-94.0301301567596,0,336
-43565.875,148,31.7567567567568,-294.36402027027,-47746.5,0.544298352279116,-93.0765491972269,0,337
-2026.797,26,30.7692307692308,-77.9537307692308,-5091.075,0.813536147572723,-52.4251857504058,0,338
-39493,149,29.5302013422819,-265.053691275168,-42073.375,0.564880155569144,-96.4988531094326,0,339
-10510.317,34,35.2941176470588,-309.126970588235,-11058.129,0.406113031532582,-100,0,340
-771.095,5,40,-154.219,-3754.375,0.716460405687449,-45.4420626151013,0,341
-27657.1,65,27.6923076923077,-425.493846153846,-31221.881,0.394224492315219,-89.5794477628556,0,342
-7608,44,38.6363636363636,-172.909090909091,-10830.25,0.674692806405234,-74.3522398270196,0,343
126.424,9,22.2222222222222,14.0471111111111,-4148.394,1.0281573259182,5.06382857708195,0,344
2497.137,19,26.3157894736842,131.428263157895,-6686.611,1.31169663258787,46.8772579678988,0,345
-1373,19,52.6315789473684,-72.2631578947368,-6465.625,0.871070732680705,-35.8907332374853,0,346
0,0,0,0,0,0,0,0,347
-17068.575,20,25,-853.42875,-17353.575,0.0936296599329995,-100,0,348
-30846.627,135,33.3333333333333,-228.493533333333,-34286.627,0.574356888492051,-93.5266989709149,0,349
-1609.879,16,31.25,-100.6174375,-5125.753,0.628541465733259,-44.6165776069472,0,350
4217.75,3,33.3333333333333,1405.91666666667,-3307.25,4.10699815837937,310.699815837937,0,351
-15134.289,18,27.7777777777778,-840.793833333333,-16272.503,0.220728524076475,-100,0,352
-1398.815,25,28,-55.9526,-7276.25,0.909004638645019,-27.8520020850946,0,353
-14119,40,35,-352.975,-26840.375,0.543661471084931,-57.7608910207567,0,354
-144.69,10,30,-14.469,-4509.064,0.966766595800588,-4.61668938477325,0,355
-1273.375,12,25,-106.114583333333,-5915.375,0.732266288207312,-31.321485672119,0,356
3597.678,2,50,1798.839,-3355,4.33173245220046,333.173245220046,0,357
-10131.077,17,23.5294117647059,-595.945705882353,-14425.897,0.381372536507811,-81.283727556282,0,358
-32661.09,87,35.632183908046,-375.414827586207,-34883.321,0.461328707973723,-100,0,359
-21117.422,44,27.2727272727273,-479.941409090909,-22429.832,0.374981645983739,-99.4002776769428,0,360
-8375.942,26,30.7692307692308,-322.151615384615,-11769.378,0.516914901225254,-95.3775718587755,0,361
-1168.126,6,50,-194.687666666667,-4881.563,0.643762257693738,-70.1577177177177,0,362
-4532.191,21,28.5714285714286,-215.818619047619,-11210.128,0.697454371406504,-50.9811202325325,0,363
-16117.5,61,34.4262295081967,-264.22131147541,-18331,0.608351760503487,-100,0,364
3460.711,12,58.3333333333333,288.392583333333,-3247.5,1.66438040058131,152.706497517926,0,365
-15228.584,33,27.2727272727273,-461.472242424242,-16619.474,0.321807169400799,-100,0,366
-22973.579,43,30.2325581395349,-534.269279069767,-24835.721,0.297121753538052,-100,0,367
-413.222,17,52.9411764705882,-24.3071764705882,-6231.697,0.947794933447137,-10.1401807810615,0,368
-3093,1,0,-3093,-4050,0,-100,0,369
-17172.425,96,35.4166666666667,-178.879427083333,-17587.736,0.546783842964119,-99.794795782548,0,370
-17518.125,39,20.5128205128205,-449.182692307692,-17905.625,0.29119461865264,-100,0,371
-2141.375,10,30,-214.1375,-4983.875,0.560844933220539,-49.6709095653687,0,372
-4098.13,11,18.1818181818182,-372.557272727273,-5963.75,0.425004307420156,-83.0000676455422,0,373
-1066.25,4,50,-266.5625,-4487.5,0.621897163120567,-37.8102836879433,0,374
950,2,50,475,-4052.5,1.84070796460177,84.070796460177,0,375
-4154.608,21,33.3333333333333,-197.838476190476,-7326.881,0.572375022656999,-67.2912357650626,0,376
-47848.17,170,31.1764705882353,-281.459823529412,-50338.17,0.540998145906931,-96.5222091169792,0,377
-525.715,1,0,-525.715,-2415,0,-100,0,378
-34465.105,97,30.9278350515464,-355.310360824742,-35808.318,0.446309637262668,-100,0,379
-43358.066,134,30.5970149253731,-323.567656716418,-46013.869,0.502952719787839,-96.4972796056611,0,380
-1386.563,2,0,-693.2815,-2151.563,0,-100,0,381
-703.574,10,30,-70.3574,-8146.831,0.931333224089656,-13.4415241524611,0,382
-5957.104,35,37.1428571428571,-170.202971428571,-8707.281,0.753750577375988,-90.812543894377,0,383
4796.25,7,57.1428571428571,685.178571428571,-4045,2.7846511627907,178.46511627907,0,384
-28367.597,46,28.2608695652174,-616.686891304348,-29369.292,0.273930669324727,-100,0,385
-32513.058,134,33.5820895522388,-242.63476119403,-34050.558,0.578558421163643,-96.8354956304821,0,386
-23132.5,97,34.020618556701,-238.479381443299,-26415,0.49120761896383,-96.5281979594817,0,387
8422.476,54,44.4444444444444,155.971777777778,-6151.073,1.50003128729466,152.340791436406,0,388
-30538.998,51,27.4509803921569,-598.803882352941,-32676.273,0.381342325380776,-100,0,389
-3076.429,3,33.3333333333333,-1025.47633333333,-4346.786,0.115151464599777,-88.4848535400223,0,390
-12100.717,21,19.047619047619,-576.224619047619,-13130.717,0.337268102763582,-100,0,391
-15136.991,126,34.9206349206349,-120.134849206349,-19756.986,0.769135096465883,-76.9665011202022,0,392
-10983.75,40,35,-274.59375,-14834.75,0.574685382381413,-76.8779856165462,0,393
-31194.944,58,27.5862068965517,-537.843862068966,-34440.506,0.244281157953758,-95.3594542794386,0,394
-819.532,3,66.6666666666667,-273.177333333333,-2192.407,0.402374220910908,-59.7625779089092,0,395
-17348.046,43,23.2558139534884,-403.442930232558,-18796.618,0.485619244383553,-100,0,396
-1059.644,2,0,-529.822,-1548.929,0,-100,0,397
0,0,0,0,0,0,0,0,398
-6071.793,32,40.625,-189.74353125,-9111.076,0.56623416481049,-80.280549892916,0,399
-14629,53,30.188679245283,-276.018867924528,-16524,0.366401385956364,-98.2702448527189,0,400
-11213.446,39,30.7692307692308,-287.524256410256,-17137.751,0.564058786004297,-71.624803411691,0,401
-4456.298,7,42.8571428571429,-636.614,-6774.735,0.321904784512221,-74.4666366324615,0,402
-8126.125,76,39.4736842105263,-106.922697368421,-12337.5,0.773404904233256,-68.1393203781733,0,403
-17252.153,25,28,-690.08612,-18330.724,0.374622740671596,-100,0,404
0,0,0,0,0,0,0,0,405
-11403.759,26,30.7692307692308,-438.606115384615,-13069.823,0.337898373961554,-100,0,406
-20261.012,39,38.4615384615385,-519.513128205128,-21714.98,0.342656631163462,-99.4650559303446,0,407
-11133.846,54,27.7777777777778,-206.182333333333,-14435.54,0.581164495424326,-79.181532966863,0,408
-20033.586,96,32.2916666666667,-208.6831875,-22891.086,0.589142767655823,-89.2023478236787,0,409
-17095,123,34.1463414634146,-138.983739837398,-20327.5,0.712011455525607,-88.2208747258418,0,410
99.999,2,100,49.9995,-2668.572,0,0,0,411
-7860.25,48,27.0833333333333,-163.755208333333,-9503.75,0.701378137851777,-84.5551850258176,0,412
4597.31,28,46.4285714285714,164.189642857143,-11196.436,1.41524066211833,44.1775647301343,0,413
-1250,33,51.5151515151515,-37.8787878787879,-10372.5,0.907390257455084,-15.1745068285281,0,414
-34264.599,224,33.9285714285714,-152.966959821429,-34914.599,0.663067817144484,-99.9854098088513,0,415
-5293.589,101,39.6039603960396,-52.4117722772277,-13329.657,0.873849574408245,-44.541369599476,0,416
-23689.75,70,35.7142857142857,-338.425,-25677.25,0.560006775484262,-100,0,417
-19377.17,88,34.0909090909091,-220.195113636364,-26133.59,0.624883794754289,-78.7574902686966,0,418
-8165.25,23,39.1304347826087,-355.010869565217,-14923,0.553005419609131,-64.4023346610403,0,419
-6759.21,45,37.7777777777778,-150.204666666667,-12580.361,0.709848564458236,-64.6902568053538,0,420
-5242.753,55,43.6363636363636,-95.3227818181818,-8278.315,0.74946302613511,-69.8957779921248,0,421
-2860,9,33.3333333333333,-317.777777777778,-5030,0.310427968655817,-98.7057808455565,0,422
8876.247,15,60,591.7498,-2837.5,5.29582224037641,805.557703407643,0,423
-24872.875,128,30.46875,-194.3193359375,-26185.193,0.582027544444267,-97.3014658510353,0,424
-26334,63,28.5714285714286,-418,-29350.25,0.439329341317365,-98.4807546675891,0,425
-7749.559,26,38.4615384615385,-298.059961538462,-13374.108,0.614074435582868,-81.6832793560588,0,426
-10112.955,28,28.5714285714286,-361.176964285714,-13672.238,0.347942188463535,-87.5228306392371,0,427
0,0,0,0,0,0,0,0,428
2664.278,51,45.0980392156863,52.2407450980392,-7677.993,1.12878738734576,38.5578104922164,0,429
-12699.475,25,24,-507.979,-16408.219,0.464391439592286,-82.7856758432624,0,430
0,0,0,0,0,0,0,0,431
-14406.92,39,28.2051282051282,-369.408205128205,-17273.604,0.484863108055846,-93.8070100342218,0,432
0,0,0,0,0,0,0,0,433
3197.678,5,60,639.5356,-5220,5.97693073929961,619.833570139544,0,434
-10973.41,42,21.4285714285714,-261.271666666667,-14273.629,0.569567179156643,-80.6645190746119,0,435
-3984.375,5,40,-796.875,-6083.75,0.230072463768116,-97.9864740239779,0,436
-3081.802,51,37.2549019607843,-60.4274901960784,-10314.472,0.881975429320895,-33.079510670867,0,437
-10361.434,14,28.5714285714286,-740.102428571429,-13169.736,0.383051397269618,-83.9716837396266,0,438
-13714.5,11,36.3636363636364,-1246.77272727273,-14364.375,0.128117102941878,-100,0,439
3482.137,22,40.9090909090909,158.278954545455,-6234.647,1.38964073113956,77.7323972179058,0,440
-9891.262,79,35.4430379746835,-125.205848101266,-16343.936,0.737914157726877,-69.0540784320734,0,441
2184.374,4,75,546.0935,-4376.375,4.10528291050526,310.528291050526,0,442
-28127.5,140,35,-200.910714285714,-30420,0.566000617188705,-93.1528398741514,0,443
-5926.429,3,0,-1975.47633333333,-6344.643,0,-100,0,444
9738.125,22,50,442.642045454545,-5015,2.04311441387159,258.006292432522,0,445
-30412.436,109,27.5229357798165,-279.013174311927,-30572.436,0.479020217792534,-100,0,446
-3749.646,6,33.3333333333333,-624.941,-5180.718,0.121348742191568,-100,0,447
2517.486,33,42.4242424242424,76.2874545454546,-6438.397,1.15924269005571,47.7587504761674,0,448
-5738.5,37,27.027027027027,-155.094594594595,-9177.5,0.637492103600758,-73.1485022307202,0,449
-6241.75,38,36.8421052631579,-164.256578947368,-8580.375,0.468640262200183,-83.0530745305457,0,450
4124.5,8,25,515.5625,-4854,2.15080915178571,115.080915178571,0,451
-11050.367,50,36,-221.00734,-16725.054,0.595122750491525,-75.9372423244601,0,452
57.633,3,33.3333333333333,19.211,-4040,1.05609777226639,5.60977722663858,0,453
-3172.815,14,28.5714285714286,-226.629642857143,-7196.876,0.657467482343918,-58.6845099187783,0,454
-3893.573,4,25,-973.39325,-5315.715,0.0279955014273357,-97.2004498572664,0,455
3961.427,4,50,990.35675,-5071.787,2.57938095418455,217.191952099013,0,456
-4284.826,14,35.7142857142857,-306.059,-6576.611,0.513690094628288,-83.1341428230785,0,457
-3808.5,38,34.2105263157895,-100.223684210526,-8872.625,0.77012222725215,-58.2395106565994,0,458
-27253.148,75,29.3333333333333,-363.375306666667,-27762.076,0.379515710236298,-99.2844042472641,0,459
-112.323,7,42.8571428571429,-16.0461428571429,-5865,0.967504848684028,-4.59566434871127,0,460
-5563.753,11,27.2727272727273,-505.795727272727,-6921.431,0.372606093929683,-99.4446474098202,0,461
0,0,0,0,0,0,0,0,462
1242.5,2,50,621.25,-2837.5,2.66778523489933,166.778523489933,0,463
-8410.125,5,0,-1682.025,-9087.625,0,-100,0,464
-7193.578,28,35.7142857142857,-256.9135,-10019.914,0.576915100805861,-81.6490627740381,0,465
-10511.262,34,23.5294117647059,-309.154764705882,-13188.669,0.530470440275171,-91.60775844601,0,466
-10221.523,16,18.75,-638.8451875,-10788.665,0.0854981073883964,-100,0,467
-28884.5,74,28.3783783783784,-390.331081081081,-32538,0.478025552523628,-95.2403719335268,0,468
-20029.387,101,36.6336633663366,-198.310762376238,-23625.947,0.633365006831371,-87.4215827753872,0,469
6635.886,54,42.5925925925926,122.886777777778,-7540,1.34994118239858,147.557684905563,0,470
-18909.293,58,27.5862068965517,-326.022293103448,-23324.467,0.526227139510829,-87.5553173739627,0,471
-676.429,2,50,-338.2145,-1861.429,0.616754107648725,-38.3245892351275,0,472
1026.427,5,60,205.2854,-4037.322,2.17210165407695,233.658026889088,0,473
-30855.638,61,29.5081967213115,-505.830131147541,-34162.333,0.302530116603794,-97.5104890738051,0,474
-24.065,5,60,-4.813,-7126.474,0.980154786889707,-1.98452131102929,0,475
2692.5,21,42.8571428571429,128.214285714286,-3468.125,1.43501969100273,91.6400765794512,0,476
-10591.076,40,32.5,-264.7769,-14243.397,0.366034413591129,-85.3197235212891,0,477
-32811.275,135,34.8148148148148,-243.046481481481,-36251.275,0.563728638376062,-93.8906221049311,0,478
-13310.625,100,34,-133.10625,-15512.5,0.675800337945837,-91.2116150584608,0,479
-28995.25,91,29.6703296703297,-318.629120879121,-30725.25,0.502462356827249,-100,0,480
0,0,0,0,0,0,0,0,481
-26204.375,261,35.2490421455939,-100.399904214559,-30064.375,0.734730238108193,-88.8385535633314,0,482
-7397.68,7,28.5714285714286,-1056.81142857143,-9375.358,0.109307334288841,-98.1287218532619,0,483
-458.125,4,25,-114.53125,-3110,0.673496659242762,-38.6399578281497,0,484
-6004.752,11,36.3636363636364,-545.886545454545,-7679.251,0.265198536748566,-91.6572156364357,0,485
-13213.773,87,34.4827586206897,-151.882448275862,-15438.147,0.687395414711741,-97.7414415593926,0,486
40.625,13,46.1538461538462,3.125,-8173.75,1.00447905181918,0.590962814801346,0,487
1532.052,5,60,306.4104,-3172.5,2.00315537969648,121.78977191426,0,488
-3033.618,5,20,-606.7236,-7084.778,0.366948417745623,-63.3051582254377,0,489
-9745.37,56,30.3571428571429,-174.024464285714,-13964.653,0.61706719184166,-74.2524125022448,0,490
-2175.538,6,50,-362.589666666667,-6155,0.433690787815935,-76.001327510917,0,491
-43749.153,140,29.2857142857143,-312.49395,-46739.507,0.477745293370354,-96.1202079084097,0,492
-3426.5,30,30,-114.216666666667,-9484.5,0.816268532668436,-37.5342315697229,0,493
-26393.076,102,30.3921568627451,-258.755647058824,-29410.574,0.552994581330321,-96.596290739468,0,494
1782,14,28.5714285714286,127.285714285714,-5375,1.19520210318764,36.9364701005286,0,495
-47397.5,108,31.4814814814815,-438.865740740741,-47802.5,0.435828001785449,-100,0,496
-17238.221,44,38.6363636363636,-391.77775,-21804.648,0.414618908993084,-95.8525055811766,0,497
-13713.582,88,32.9545454545455,-155.836159090909,-17584.027,0.729192320604833,-86.5809623280521,0,498
-18174.375,160,37.5,-113.58984375,-23032.25,0.714427411197423,-82.3833051913466,0,499
-27912.916,150,36.6666666666667,-186.086106666667,-30655.949,0.514459523444232,-95.3255798577567,0,500