Net Profit,Total Trades,% Profitable,Avg Trade,Max Intraday Drawdown,Profit Factor,Return on Account,Custom Fitness Value,simulationCount (_EdgeFinder)
34731.19,4867,54.5305116087939,7.13605711937539,-11841.46,1.10308596327988,320.3072741752,0,1
13585,1314,53.9573820395738,10.3386605783866,-5670,1.14269208549971,245.10599909788,0,2
13320.75,2124,53.954802259887,6.2715395480226,-8075.763,1.10800561548931,168.790601072318,0,3
-2630.394,1320,52.5,-1.99272272727273,-11421.788,0.97620791356955,-24.1946770853148,0,4
22578.5,1864,55.5257510729614,12.1129291845494,-15996,1.13193578075468,144.747892425554,0,5
12457.791,2121,56.011315417256,5.8735459688826,-11115.939,1.0669366569261,121.144210608922,0,6
17695.186,3764,51.9659936238045,4.70116524973433,-7158.67,1.10819114596202,268.202261939081,0,7
8509.995,1426,53.9270687237027,5.96773842917251,-8065.317,1.08680666539711,111.073383264612,0,8
23907.648,2029,54.3124691966486,11.7829709216363,-13672.905,1.14484699208536,178.910558744524,0,9
21380,2006,54.0877367896311,10.6580259222333,-8077.5,1.125940652382,281.500987491771,0,10
47586.25,8752,53.3706581352834,5.43718578610603,-7304.5,1.11823574099139,661.873880765687,0,11
18817.621,2008,53.5358565737052,9.37132519920319,-6761.475,1.15838532962403,295.805941232183,0,12
23016.5,1716,54.4871794871795,13.4128787878788,-6543.75,1.16733704967256,360.830883793847,0,13
31313.526,4322,53.5631652012957,7.24514715409533,-9757.328,1.11651334508965,332.156959002593,0,14
-1392.524,2000,54.45,-0.696262,-17160.632,0.991978260048057,-8.49455735487276,0,15
-2630.394,1320,52.5,-1.99272272727273,-11421.788,0.97620791356955,-24.1946770853148,0,16
12979.938,2145,53.1002331002331,6.05125314685315,-9303.691,1.0957406379924,147.061603357553,0,17
23948.349,1905,55.4330708661417,12.5713118110236,-4316.966,1.22374125655586,701.379044336655,0,18
11658,2406,52.4522028262677,4.84538653366584,-7112.5,1.0842761203201,173.935098843715,0,19
14988.229,1269,55.397951142632,11.8110551615445,-8891.838,1.12836546531856,180.078977386184,0,20
43073.25,3097,55.9573781078463,13.9080561834033,-13468.5,1.15659362757105,352.200576463133,0,21
-2144.079,1503,51.5635395874917,-1.42653293413174,-8982.194,0.981240936989772,-26.03714236376,0,22
31315.286,2739,55.7867834976269,11.4331091639284,-8315,1.16344147451204,411.907740874712,0,23
18203.317,1773,56.0067681895093,10.2669582628314,-4773.349,1.18618397032924,399.747216937761,0,24
42950.21,3316,54.583835946924,12.9524155609168,-11425.942,1.16831727366445,411.856440300478,0,25
6418.312,1342,54.0983606557377,4.78264679582712,-9966.884,1.05743160316258,66.8791245158324,0,26
31136.875,1704,55.7511737089202,18.2728139671361,-9945.625,1.21047228359829,324.19470293486,0,27
19436.2,1451,56.3749138525155,13.3950379048932,-10858.393,1.15479859517021,183.95226981761,0,28
33798.922,2813,55.1724137931034,12.0152584429435,-11681.792,1.15146285971896,304.570578733195,0,29
13974.224,1416,55.9322033898305,9.868802259887,-6414.645,1.11399160950693,223.600284496159,0,30
25005,1910,54.5549738219895,13.0916230366492,-11149.25,1.14308583003944,224.577317735815,0,31
9713.146,3064,52.5783289817232,3.17008681462141,-9013.843,1.06661332194566,109.643505365204,0,32
4872.5,1663,53.6981358989778,2.92994588093806,-8622.5,1.04143898964557,60.2286773794808,0,33
-3288.57,1359,51.9499632082414,-2.41984547461369,-11390.679,0.965795955735823,-29.7724567226696,0,34
23662.083,1976,55.7186234817814,11.9747383603239,-14146.888,1.13772110745914,176.393309929607,0,35
8331.366,2130,54.5539906103286,3.91143943661972,-15755.468,1.04411435958128,53.896902878826,0,36
7552.5,1477,52.7420446851726,5.11340555179418,-6570,1.09008229961832,123.004885993485,0,37
15107.015,1081,55.781683626272,13.9750370027752,-8719.123,1.15832799888228,205.842237553452,0,38
35016.428,2636,57.0182094081942,13.2839256449165,-13007.973,1.148871518915,278.949281576564,0,39
3510,1014,52.6627218934911,3.46153846153846,-6280,1.06020583190395,60.6479481641469,0,40
11653.125,5030,53.6779324055666,2.31672465208747,-14345,1.04526803923473,86.9311823946289,0,41
28980.026,2267,55.3153947948831,12.7834256726952,-14594.595,1.13690630954554,205.866522887002,0,42
38312,3384,55.112293144208,11.3215130023641,-12007.5,1.12286004274703,352.213284302459,0,43
6725,1995,52.5814536340852,3.37092731829574,-10545,1.04942581534221,69.2941782586296,0,44
11957.459,4951,52.2520702888305,2.41516037164209,-13527.584,1.05174686705563,89.9558656164971,0,45
24038.319,2995,54.6243739565943,8.02614991652755,-12680.505,1.09555524236897,208.858523122751,0,46
22260.74,2354,55.5649957519116,9.45655904842821,-9946.431,1.13195624829558,255.534825449458,0,47
41894.359,5478,53.9978094194962,7.64774717050018,-10466.432,1.12921950272447,450.740589039117,0,48
8988.426,1454,55.5020632737277,6.18186107290234,-12144.063,1.06857467652643,75.2071172615665,0,49
39131.806,2207,56.0942455822383,17.7307684639783,-9252.157,1.19687094291572,447.964927327255,0,50
14233.375,1850,53.5135135135135,7.69371621621622,-7326.5,1.0996688704043,213.907048391945,0,51
16338.125,1216,56.3322368421053,13.4359580592105,-7180,1.16614338375493,242.765601783061,0,52
22468.75,1997,54.6820230345518,11.2512518778167,-15158.125,1.12462905954461,158.866940651377,0,53
-1758.934,2444,53.7234042553191,-0.719694762684124,-17114.643,0.989876451759923,-10.4389986185464,0,54
41693.5,3332,55.1620648259304,12.5130552220888,-10444,1.17749789002142,410.147066056761,0,55
30626.5,5445,53.1129476584022,5.6247015610652,-12241,1.12398840537466,256.374518667336,0,56
10547.625,1483,51.652056641942,7.11235670937289,-3973.375,1.14051813575043,297.461839461346,0,57
7744.375,3030,54.5214521452145,2.55589933993399,-14825,1.03298491228425,54.7112327799364,0,58
21024.638,4355,53.3180252583238,4.82770103329506,-7150.313,1.10635355385014,308.491158073004,0,59
30568.868,1858,55.4897739504844,16.4525662002153,-7121.25,1.19374796713969,453.291833178869,0,60
3345,1415,54.6996466431095,2.36395759717314,-5512.5,1.03793162102398,68.6858316221766,0,61
19972.625,1752,53.7100456621005,11.3999001141553,-6426.97,1.13886300855204,325.845872481634,0,62
25640.75,2062,54.6556741028128,12.4348933074685,-5786.375,1.17750221741482,507.549177285661,0,63
26697.25,2896,54.5234806629834,9.21866367403315,-13046.25,1.10056701909558,221.530961518515,0,64
14256.214,1270,53.5433070866142,11.2253653543307,-6745.628,1.14333626764759,249.242528081323,0,65
34199.996,4479,53.1145344943068,7.63563206072784,-7144.447,1.15451475658341,530.742832099951,0,66
20285.497,3474,54.7783534830167,5.83923344847438,-16359.113,1.07234010342966,126.396374678152,0,67
8999.605,1384,54.4075144508671,6.50260476878613,-10946.613,1.08313529406184,85.5547896481386,0,68
24856.5,1406,55.6187766714082,17.6788762446657,-6513.5,1.20401144955936,485.170546040111,0,69
21042.78,2964,54.1160593792173,7.09945344129555,-9477.147,1.10655822794797,234.040757084108,0,70
9801.129,1312,54.8780487804878,7.47037271341463,-12395.095,1.08720439547076,84.7844862262706,0,71
19326.875,1942,55.7672502574665,9.95204685890834,-7461.25,1.18612391809416,275.876527790169,0,72
26759.163,5027,54.3266361647106,5.3230879252039,-16727.872,1.07569141454223,161.019493475558,0,73
29269.219,2466,56.2449310624493,11.8691074614761,-8011.436,1.16127107767157,400.067016772236,0,74
3061.217,2549,51.9419380149078,1.20094821498627,-12832.155,1.02505745678458,25.0259827479295,0,75
20903.816,1657,54.5564272782136,12.6154592637296,-12946.802,1.13906536395743,165.879578174613,0,76
10356.236,1568,55.2295918367347,6.60474234693878,-12660.313,1.07895578489891,85.799233209611,0,77
5491.875,1397,53.4001431639227,3.93119183965641,-10633.75,1.0513385293121,52.7747747747748,0,78
11317.5,1686,54.6856465005931,6.7126334519573,-10430,1.09898760195045,112.388282025819,0,79
8219.79,2875,52.2782608695652,2.85905739130435,-12810.897,1.04745093035698,67.0377597789753,0,80
21462.5,2760,54.963768115942,7.77626811594203,-7400,1.16806640433821,307.59584378359,0,81
2984.265,1842,54.343105320304,1.62012214983713,-11135.716,1.02051761271356,28.3858431140386,0,82
48217.108,4477,54.5231181594818,10.7699593477775,-8922.721,1.164434461153,569.590658058425,0,83
11439.149,1609,53.2628962088254,7.10947731510255,-8560.378,1.08357921503254,137.779240519746,0,84
24358.901,1540,56.6233766233766,15.8174681818182,-11561.787,1.16627964516371,221.862321296456,0,85
14532.5,1991,54.2440984429935,7.29909593169262,-6507.5,1.13676038113163,227.960784313725,0,86
-3411.148,2224,51.9334532374101,-1.53378956834532,-16567.15,0.971245797672631,-20.8509839758186,0,87
-977.953,2946,52.0027155465037,-0.331959606245757,-13085.136,0.993328219465683,-7.67258216137769,0,88
19754.351,1536,54.4921875,12.8609055989583,-4115,1.23866917561659,580.583423952976,0,89
1854.65,3089,52.4765296212366,0.600404661702816,-13160.063,1.01080467383864,15.3816322585252,0,90
7605,1617,55.5967841682127,4.70315398886827,-11515,1.06213044943476,70.4737634657709,0,91
-2552,1851,54.4570502431118,-1.37871420853593,-14595.75,0.979961603542839,-17.7243762262775,0,92
12590,1615,53.8080495356037,7.79566563467492,-10266.25,1.11053798371343,128.584195072131,0,93
9735,3203,52.6069310021854,3.03933812051202,-11700,1.04400696155324,85.1147540983607,0,94
24484.747,2419,55.6841670111616,10.1218466308392,-8095.536,1.14661093218092,338.120376516845,0,95
30082.511,2783,54.8329141214517,10.8093823212361,-9072.878,1.12256266511781,387.767260583371,0,96
34048.125,2426,54.7403132728772,14.034676422094,-9171.25,1.19266298389435,389.288266399886,0,97
33085.417,3150,54.4126984126984,10.503306984127,-16966.164,1.13161056551768,203.119279764135,0,98
33545.79,3515,54.6230440967283,9.54361024182077,-9834.036,1.14506825057198,369.893668963272,0,99
34633.581,2405,54.7609147609148,14.4006573804574,-8533.579,1.18716090995348,426.123256357322,0,100
39677,2867,55.5981862574119,13.8392047436345,-10267,1.18517636955933,406.443351772178,0,101
13315.6,2243,52.5635309852876,5.93651359786001,-4698.127,1.13249187124619,301.727097362029,0,102
10127.66,1355,52.8413284132841,7.47428782287823,-8415.035,1.12050464824092,125.652804237202,0,103
13899.314,1871,54.0887226082309,7.42881560662747,-8735.565,1.10609983636995,175.402907112257,0,104
25795.301,2514,54.6937151949085,10.2606607000796,-7665.361,1.17205384686969,349.512727087469,0,105
18462.5,1930,54.300518134715,9.5660621761658,-8289.5,1.12822271339055,227.672102845516,0,106
17464.594,1812,55.9050772626932,9.63829690949227,-12640.385,1.10543184959835,143.996180240412,0,107
-1145.394,1449,53.4851621808144,-0.790472049689441,-8508.931,0.988079014628293,-13.6903537482112,0,108
44855.5,4560,54.3859649122807,9.83673245614035,-8905.5,1.14676093987465,523.370865177061,0,109
25864.375,1784,53.8677130044843,14.4979680493274,-9163.125,1.16328648426834,303.461171811982,0,110
29615.463,4005,54.3570536828964,7.39462247191011,-13151.251,1.09042559791866,232.528889388251,0,111
15981.23,2609,53.5837485626677,6.12542353392104,-10095.358,1.07770110038704,171.973250855657,0,112
14807.25,2057,54.2537676227516,7.19846864365581,-7477.5,1.13156561954392,205.799166087561,0,113
28693.75,1903,54.5454545454545,15.0781660535996,-8251.25,1.16826588281863,362.23765188575,0,114
6169.734,1627,53.9028887523049,3.7920921942225,-9997.912,1.055934699977,66.2048154115145,0,115
15200.669,1244,53.7781350482315,12.2191872990354,-7757.858,1.16363150579518,205.543382754425,0,116
7782.897,1513,54.2630535360211,5.14401652346332,-9822.822,1.06066560693629,82.7719274064744,0,117
11207.046,5475,52.6027397260274,2.04694904109589,-13527.154,1.04477451028715,83.8245028629761,0,118
10941.75,1435,54.4250871080139,7.62491289198606,-8832.125,1.09586243225159,133.442078143818,0,119
12666.744,1690,54.6153846153846,7.49511479289941,-6076.429,1.11835271554334,247.794831826913,0,120
41968.75,3125,54.784,13.43,-6280,1.17795857792148,784.096216721158,0,121
39099.825,3288,54.8357664233577,11.891674270073,-10621.578,1.15462335857129,407.435077378624,0,122
5866.404,1986,52.7190332326284,2.95387915407855,-6824.162,1.06995377144464,88.3606093660616,0,123
4031.67,3212,53.0821917808219,1.2551899128269,-8795.599,1.0286979376125,48.3089350446864,0,124
13523.683,1442,54.5769764216366,9.37842094313454,-8943.713,1.12026264647305,160.352658431701,0,125
29774.75,7089,53.2374100719424,4.20013401043871,-13346.25,1.07055410615313,230.34329368533,0,126
33081.225,1937,55.4465668559628,17.0785880227155,-14558.439,1.19884949151235,238.05328698902,0,127
24049.394,3597,54.2952460383653,6.68595885460106,-9623.603,1.10372535394376,267.940894203128,0,128
351.25,1272,53.3805031446541,0.276139937106918,-13690,1.00324357518169,2.66755268653883,0,129
22354.797,2749,53.1102218988723,8.13197417242634,-7250.806,1.14261453690863,316.82839635897,0,130
12119.875,1861,54.2718968296615,6.51256045137023,-13186.875,1.07389452392947,95.2492755046908,0,131
24370.375,2359,54.7689699025011,10.3308075455702,-7925.125,1.12795442120482,349.979356274795,0,132
41074.376,7749,53.3359143115241,5.30060343270099,-13193.128,1.09762472894792,318.020742003409,0,133
16912.25,1862,53.4908700322234,9.0828410311493,-10092.25,1.13944322886445,172.402456739468,0,134
9838.5,2027,52.5407005426739,4.85372471632955,-10242,1.06951799865041,102.569849874896,0,135
15215.676,1446,55.1867219917012,10.5225975103734,-9207.149,1.14800236470328,170.255422139718,0,136
16007.5,2240,53.9732142857143,7.14620535714286,-15322.5,1.10108616715607,106.592308972865,0,137
32946,4962,52.9423619508263,6.63966142684401,-9852,1.11886632138934,389.110664934451,0,138
7420,873,54.639175257732,8.49942726231386,-8377.5,1.10013157450828,92.6342072409488,0,139
12430,1190,54.2857142857143,10.4453781512605,-7702.5,1.11800166132669,172.399445214979,0,140
16185.086,2762,55.7204923968139,5.85991527878349,-13653.223,1.08844867772935,120.35111255963,0,141
17444.847,4640,53.0172413793103,3.75966530172414,-9391.03,1.07077041757943,192.313849695128,0,142
10940.332,1561,54.1960281870596,7.00854067905189,-7518.93,1.09737195895863,159.388746680109,0,143
20462.5,2014,53.922542204568,10.1601290963257,-7507.5,1.13420672919263,283.414127423823,0,144
21762.841,2068,53.6266924564797,10.5236175048356,-6123.042,1.14790061987075,366.358243171198,0,145
18414.39,2331,55.2552552552553,7.89978120978121,-13888.266,1.10040749672711,135.459887391331,0,146
13182.5,1600,53.6875,8.2390625,-4140,1.16704682253057,337.580025608195,0,147
36654.25,4197,54.9678341672623,8.73344055277579,-13241,1.14147549747091,285.892286093128,0,148
-5139.671,1216,51.9736842105263,-4.226703125,-13780.723,0.946839210329699,-37.7797673455332,0,149
44576.486,2717,55.9808612440191,16.4065093853515,-11333.59,1.18756079849369,402.184544899261,0,150
22778.5,3350,53.7014925373134,6.79955223880597,-7881.75,1.10084269849456,326.257743402442,0,151
17555,5943,51.8929833417466,2.95389533905435,-14280,1.06533612468016,126.340410219503,0,152
3287.5,2043,51.3950073421439,1.60915320606951,-5817.5,1.03599978098993,58.8893864755934,0,153
34551.219,5713,53.2819884474007,6.04782408541922,-13554.064,1.10329956067126,260.880791575758,0,154
35373.869,1913,56.1421850496602,18.4913063251438,-10386.969,1.20809980455112,362.085892283398,0,155
16574.848,2823,53.5954658165073,5.87135954658165,-6719.378,1.12030231570545,292.744704142336,0,156
36464.1,4871,53.253951960583,7.48595770888934,-5780.363,1.14682761415896,651.850037719389,0,157
24106.953,1949,54.1816316059518,12.3688830169318,-7693.93,1.15453988315667,336.311735512563,0,158
36385.993,2386,55.9932942162615,15.2497875104778,-9907.143,1.17651991212522,407.36007980166,0,159
8100,1217,53.5743631881676,6.6557107641742,-11303,1.08297278159848,74.3255643237291,0,160
26953.286,2323,55.7899268187688,11.6027920792079,-12209.93,1.15514265893311,244.033108403584,0,161
19325,1203,55.3615960099751,16.0640066500416,-5470,1.28286007025761,388.832997987928,0,162
16153.375,1689,56.1278863232682,9.56386915334518,-9431.375,1.18557552293504,174.936037145835,0,163
20582.12,1942,53.4500514933059,10.5984140061792,-6011.43,1.16771486624642,352.196552662335,0,164
25783.84,1774,55.6369785794814,14.5342953776776,-7545.849,1.17717305363089,373.227235624604,0,165
9339.5,2468,51.742301458671,3.78423824959481,-6471.75,1.06739148866316,156.486407238303,0,166
14529.837,1738,53.7399309551208,8.36009033371692,-8232.189,1.10283551045558,183.406846264334,0,167
8722.5,1635,52.7217125382263,5.3348623853211,-9392.5,1.0696504501627,96.1421879305594,0,168
6117.899,1815,52.5068870523416,3.37074325068871,-6718.577,1.06805056300368,98.3556110808959,0,169
44957.25,3553,54.9957782155925,12.6533211370673,-11487.5,1.17405372340374,398.380593708463,0,170
8826.543,1419,53.0655391120507,6.22025581395349,-14122.686,1.07161742872411,64.7217057204573,0,171
4801,4348,52.3229070837167,1.1041858325667,-9977.625,1.0240730967725,52.5510692736054,0,172
44219.5,3045,55.3366174055829,14.5220032840722,-17142.75,1.15530095167687,275.206547276377,0,173
25517.308,5676,53.9640591966173,4.49564975334743,-12479.296,1.09880707989622,210.420856424071,0,174
25802.258,3526,54.3391945547362,7.31771355643789,-13299.116,1.12637727604719,210.353800434432,0,175
40637.079,4476,54.2895442359249,9.0788827077748,-12572.033,1.13067016183026,347.710826178039,0,176
11058,1718,54.7147846332945,6.43655413271246,-12562.25,1.0835745542766,93.0396920552786,0,177
8199.622,2061,55.3129548762737,3.97846773410966,-19935.504,1.04274345276563,41.5160139710865,0,178
14457.254,1839,53.9423599782491,7.86147580206634,-9163.567,1.09064379260558,163.709028591902,0,179
9465.423,1903,53.4419337887546,4.97394797687861,-13011.719,1.08918914716937,76.5230498711536,0,180
27688.75,2775,54.4504504504505,9.97792792792793,-6548.125,1.14335407505202,427.089559433144,0,181
18642.617,2074,54.1465766634523,8.9887256509161,-5867.417,1.15298027209811,370.240735897129,0,182
40154,2976,56.3172043010753,13.4926075268817,-14071,1.15795772937239,313.201513201513,0,183
-3741.111,2218,53.2010820559062,-1.68670468890893,-13861.853,0.967144650251259,-27.8345041185808,0,184
5188.75,2217,52.5935949481281,2.34043752819125,-14161.75,1.04182026454264,38.302544890841,0,185
16708.359,2507,55.684084563223,6.66468248903071,-15919.032,1.08293733155485,112.031132828467,0,186
15422.736,2334,55.5698371893745,6.60785604113111,-11985.722,1.09001534646976,135.367642270115,0,187
11734.232,1531,54.4088830829523,7.66442325277596,-11068.226,1.08012076679725,110.797239018364,0,188
7066.52,1404,54.7720797720798,5.0331339031339,-4399.813,1.0804184739529,181.928979802632,0,189
43050.027,2365,55.8139534883721,18.2029712473573,-7790.938,1.23172901934445,599.087092040037,0,190
4797.492,979,53.5240040858018,4.90040040858018,-6970.384,1.05351866839129,73.0961859039846,0,191
10386.169,1227,55.9087204563977,8.46468541157294,-6926.613,1.09884214769967,160.643246171947,0,192
9142.867,1508,53.3819628647215,6.06290915119363,-9572.823,1.06951517270738,97.4069224589986,0,193
32809.669,2191,55.6366955727978,14.9747462345961,-7592.813,1.17930464182375,448.66003000487,0,194
30792.25,3223,54.3592925845486,9.55390940117903,-11201.75,1.12585139666859,304.745527871935,0,195
24105.312,1362,56.7547723935389,17.6984669603524,-6162.858,1.21506480125058,456.077185310815,0,196
21281.738,1689,55.7134399052694,12.6002001184133,-5476.43,1.16240595580085,448.846402878457,0,197
30903.14,2155,55.3596287703016,14.3402041763341,-6402.149,1.18019882599274,526.426299970496,0,198
27200,2408,54.4435215946844,11.2956810631229,-7697.25,1.15252279430731,419.979927429939,0,199
17043.09,2250,54.0444444444444,7.57470666666667,-6172.858,1.15010044073442,306.107570837404,0,200
9986.25,2010,52.8855721393035,4.96828358208955,-5886,1.09756151174548,187.157381811367,0,201
1125.66,1857,53.7425955842757,0.606171243941842,-21056.794,1.00752410477768,5.4217858052151,0,202
16473.837,1396,56.1604584527221,11.8007428366762,-6432.144,1.19298472384396,271.973672740816,0,203
27011.724,3701,54.0124290732235,7.29849338016752,-10422.151,1.10752429866189,289.836218115893,0,204
36698.875,3499,55.9874249785653,10.4883895398685,-11336.125,1.11764920387998,338.281349018885,0,205
10402.5,2300,53.6521739130435,4.52282608695652,-16755,1.07229355247841,63.458898886686,0,206
16092.958,1563,54.3186180422265,10.2961983365323,-4027.5,1.19173749473132,431.157615539183,0,207
8941.5,1861,54.7017732401934,4.80467490596454,-14164,1.06974757796533,64.0210503705295,0,208
1375.75,1799,51.2506948304614,0.764730405780989,-6988.5,1.01813194507368,21.8859370028635,0,209
26952,2475,55.5555555555556,10.889696969697,-14097,1.12153241225064,197.747532924906,0,210
9866.112,1642,53.3495736906212,6.00859439707674,-9673.938,1.07324990037206,106.771863065612,0,211
33102,3025,55.3719008264463,10.9428099173554,-7115,1.14793099056382,502.192217249488,0,212
7008.669,2011,53.7543510691198,3.48516608652412,-12478.575,1.05010491717378,57.419514463085,0,213
35329.603,1625,55.7538461538462,21.7412941538462,-7661.44,1.26783470951229,472.862031951003,0,214
1147.5,1516,53.2981530343008,0.756926121372032,-11877.5,1.00896764613942,10.0065402223676,0,215
36378,2125,55.6705882352941,17.1190588235294,-9900.5,1.19742540512965,384.017734614167,0,216
14187.875,2568,53.8551401869159,5.5248734423676,-6488.375,1.09097160718937,261.124531253595,0,217
36738.609,4031,54.4777970726867,9.11401860580501,-13530.187,1.10864202654422,289.895649396365,0,218
26057.5,1819,54.260582737768,14.3251786695987,-10207.5,1.16444861670992,262.544080604534,0,219
18989.5,1281,54.8790007806401,14.8239656518345,-12143.5,1.18240981331079,170.523527298851,0,220
3102.405,2918,53.0157642220699,1.06319568197395,-14262.878,1.01733106324181,22.0125984743614,0,221
12810.551,1764,53.7414965986395,7.26221712018141,-18128.279,1.09079374380759,74.6938892123282,0,222
15970,1908,54.0356394129979,8.37002096436059,-8451.25,1.12352673866592,195.680808699648,0,223
21173.191,2352,54.0391156462585,9.00220705782313,-9899.646,1.10030001622938,233.340911821008,0,224
46985.447,3728,54.318669527897,12.6033924356223,-11961.788,1.18068220953939,413.994666449561,0,225
14844.98,1814,54.0793825799338,8.1835611907387,-5632.5,1.15566776885957,283.436372315036,0,226
2029,3134,52.3931078493937,0.647415443522655,-15838.5,1.01137089633374,12.9219207744236,0,227
6005.348,1798,53.7819799777531,3.34001557285873,-10016.193,1.05921340053828,61.0070631012162,0,228
36598,4789,54.228440175402,7.64209647107956,-12251,1.11442900402243,309.14389491912,0,229
18521.25,2379,54.5607398066414,7.78530895334174,-5971.25,1.14482879959338,359.025926823358,0,230
27952.159,3366,54.931669637552,8.30426589423648,-15930.316,1.09843251374493,179.406881092784,0,231
16911.046,1381,55.4670528602462,12.2455076031861,-5493.188,1.16682216865369,339.021825159757,0,232
17151.964,1346,55.7949479940565,12.7429153046062,-8629.208,1.16015776768438,206.981638546936,0,233
10986,1923,53.458138325533,5.71294851794072,-11762,1.09810987126763,95.8680570705528,0,234
23512.391,2057,54.3996110841031,11.4304282936315,-7696.26,1.17851992993589,322.497251988348,0,235
12317.31,4635,53.0744336569579,2.65745631067961,-13955.016,1.04611579283432,90.1375453932875,0,236
19757.103,2246,54.2742653606411,8.79657301869991,-13854.649,1.11650779743402,148.665348497917,0,237
20791.882,2163,53.4442903374942,9.61252057327785,-10142.515,1.13744282030249,212.704348791281,0,238
19871.25,3309,53.097612571774,6.00521305530372,-11776.25,1.11018159135015,184.430651429897,0,239
13935.108,2025,54.0246913580247,6.88153481481481,-7746.413,1.09807249868295,212.217964358928,0,240
34606.857,2301,55.7583659278575,15.0399204693611,-18967.188,1.1614933101282,192.63823006556,0,241
22104.964,3181,54.1024834957561,6.94906130147752,-9928.755,1.11356078759602,234.51975093442,0,242
5604.779,1687,54.2382928275044,3.32233491404861,-15198.186,1.03998710887489,37.3121826716723,0,243
33360.471,1836,55.9912854030501,18.1701911764706,-7952.236,1.21092536754665,429.088151674861,0,244
12433.531,2507,52.5329078579976,4.95952572796171,-6929.644,1.11980020726391,184.75763353901,0,245
2305.07,2635,53.6622390891841,0.874789373814042,-16215.162,1.0152408824355,14.8091616393071,0,246
19538.47,2522,53.9254559873117,7.7472125297383,-10092.951,1.09528718008354,199.719593811724,0,247
6953.173,1495,54.7826086956522,4.65095183946488,-4610.72,1.08623572860866,153.552013815583,0,248
14842.125,2442,54.3816543816544,6.07785626535627,-24566.5,1.06478557854263,62.0905496987952,0,249
33931.632,3251,53.2759151030452,10.4372906797908,-7059.754,1.15745050949727,510.077215933126,0,250
11971.935,2569,51.4986376021798,4.66015375632542,-6796.795,1.10088113815911,182.667391725269,0,251
9290.5,1506,54.5152722443559,6.16899070385126,-5464,1.1218626004263,185.568760611205,0,252
7546.128,1524,55.7742782152231,4.95152755905512,-8738.38,1.06665971224322,88.0971101812778,0,253
8513.937,1386,54.7619047619048,6.14281168831169,-12564.301,1.06727085836536,69.8169337904405,0,254
28299.643,3377,54.5158424637252,8.38011341427302,-15264.226,1.12199742971021,198.918872831318,0,255
18391.837,1732,55.2540415704388,10.6188435334873,-11041.078,1.15218072895976,176.623094384907,0,256
32751.133,1525,55.8032786885246,21.4761527868852,-7323.065,1.2610461899076,466.835286965483,0,257
32295,1877,54.7149706979222,17.2056473095365,-6885,1.23512923188933,510.79478054567,0,258
24895.293,3146,53.9415130324221,7.91331627463446,-16363.125,1.0914256574048,159.046756704577,0,259
14224.432,1406,53.6984352773826,10.1169502133713,-4614.286,1.17122983611429,331.433859936166,0,260
24235,2026,55.4294175715696,11.961994076999,-8122.5,1.18635856818793,314.128321451717,0,261
19379.41,2427,54.0585084466419,7.98492377420684,-4362.768,1.16290813218106,506.025093655354,0,262
33308.125,3011,55.4965127864497,11.0621471272003,-12724.875,1.13216336446318,285.664511840822,0,263
21617.9,1504,53.7234042553191,14.3736037234043,-6813.751,1.2389761726123,332.646996322832,0,264
15046.875,3980,51.9346733668342,3.78062185929648,-6568.75,1.08479919409946,237.285629804849,0,265
-2258.75,1693,52.5694034258712,-1.33417011222682,-15520.885,0.980220702891988,-14.876458707989,0,266
9528.896,1755,54.2450142450142,5.42957037037037,-12237.772,1.07566293331775,82.5455813982901,0,267
29015.911,2704,55.2144970414201,10.730736316568,-11039.063,1.14358780549406,286.815897849892,0,268
11344.211,1646,53.2199270959903,6.8919872417983,-5457.501,1.11290438480268,226.521739911793,0,269
11709.779,2092,52.5334608030593,5.5974086998088,-8002.692,1.10686902145637,153.315674421016,0,270
18440,3099,53.5011293965795,5.95030655050016,-15180,1.08280848292973,122.382611581218,0,271
33237.079,2673,54.5080433969323,12.4343729891508,-7613.706,1.15603686789808,476.196793154542,0,272
-1282.5,1345,53.0855018587361,-0.953531598513011,-7242.5,0.984581166781882,-18.3018194791295,0,273
6491.917,1291,53.137103020914,5.02859566227731,-10218.349,1.06100642186315,64.8812209738524,0,274
35860.223,7005,54.0328336902213,5.1192324054247,-9763.573,1.09432271852419,385.756684569925,0,275
12652.5,1785,53.7254901960784,7.08823529411765,-8977.5,1.09541135660961,145.892187950418,0,276
29227.625,2353,56.1835954101147,12.4214300892478,-8959.125,1.14733875165253,360.651211574353,0,277
10664.875,1518,54.2819499341238,7.0256093544137,-10734.25,1.0842843256187,102.130741330397,0,278
2711.25,2000,52.8,1.355625,-11332.5,1.02656362901547,26.4351005484461,0,279
24544.5,6910,53.1403762662808,3.55202604920405,-10946.75,1.07503358925877,233.885222860138,0,280
10159.301,2267,53.5950595500662,4.48138553153948,-8084.29,1.06736540806496,132.943996105624,0,281
24167.487,1614,54.7087980173482,14.9736598513011,-10780.023,1.19916769902083,230.033014169394,0,282
17003.977,3090,52.6860841423948,5.50290517799353,-13905.481,1.10124849495076,127.748779326607,0,283
12477.5,866,51.3856812933025,14.4081986143187,-2757.5,1.39937585020405,575.663206459054,0,284
29205,2657,54.7986450884456,10.9917199849454,-9708.125,1.16346063029311,336.729840743677,0,285
3730.608,1213,56.3891178895301,3.07552184666117,-12351.319,1.0377406015092,31.0461797826772,0,286
10386.155,2430,54.1975308641975,4.2741378600823,-10983.07,1.07837435776583,96.8862623002019,0,287
47916.25,3875,55.3290322580645,12.3654838709677,-10205,1.16994365210606,517.174851592013,0,288
16178.125,1689,54.4108940201303,9.57852279455299,-7065,1.15068341638337,238.088668138337,0,289
23264.629,1631,54.199877375843,14.2640275904353,-11256.788,1.17648784260059,215.70565244977,0,290
-277.403,2185,52.8604118993135,-0.126957894736842,-13703.456,0.998186693957739,-2.09121267463209,0,291
26165.229,6589,53.5134314767036,3.97104704811049,-8961.883,1.08566711226926,303.738863247664,0,292
29968.5,2733,55.9824368825467,10.9654226125137,-10989.5,1.12568333511572,287.054597701149,0,293
17085.841,2773,55.6076451496574,6.1615005409304,-9007.863,1.09605463685362,195.035765070466,0,294
4878.058,2016,53.8690476190476,2.41967162698413,-12912.192,1.02773051276025,39.8218828685652,0,295
5480,1736,53.6290322580645,3.15668202764977,-7295,1.06300661109514,80.7663964627856,0,296
33389.107,1497,57.314629258517,22.3040126920508,-10873.313,1.25498401893222,338.089704614699,0,297
28259.679,4014,54.1355256601893,7.04027877428999,-7509.292,1.12764099663096,403.030765886952,0,298
9824.5,1849,54.8945375878853,5.31341265548945,-10992.75,1.05966672992978,93.0328353968893,0,299
25642.425,1780,54.6629213483146,14.405856741573,-9011.037,1.18504608766973,300.578053992733,0,300
24570.375,8243,52.8569695499211,2.98075639936916,-9399.125,1.0698740856627,272.425262982828,0,301
3934.028,1771,55.6747600225861,2.22135968379447,-15627.821,1.0303363881283,25.5161089235632,0,302
17740.958,1606,54.6077210460772,11.0466737235367,-6435.179,1.14216970166161,330.778447088375,0,303
24095.311,2479,54.860830980234,9.7197704719645,-7906.535,1.13810726095098,318.066694273012,0,304
31830.612,6297,53.279339367953,5.05488518342068,-11375.367,1.09346416788945,310.304393691203,0,305
16752.87,1878,53.8338658146965,8.9205910543131,-15071.446,1.10255435666415,119.586941087502,0,306
17007.25,2035,54.2997542997543,8.35737100737101,-11829.25,1.10905543746253,146.560527392981,0,307
23330.118,1996,54.809619238477,11.6884358717435,-9381.341,1.13468543043251,264.623589309896,0,308
14525.656,1708,53.864168618267,8.50448243559719,-6339.201,1.1439438225664,239.728901549891,0,309
8776,1902,56.0462670872766,4.61409043112513,-10886,1.05508782446719,82.7846429582115,0,310
24912.311,1798,56.1735261401557,13.8555678531702,-13072.252,1.14594615735484,202.865859800692,0,311
21619.793,1681,54.9672813801309,12.8612688875669,-12949.065,1.15321740315488,180.216528647992,0,312
25223.361,6659,53.4014116233669,3.7878601892176,-8080.571,1.08493960036616,321.49809108859,0,313
7041.047,1280,55.234375,5.50081796875,-5671.608,1.08507229048466,131.38468192841,0,314
23738.742,3747,54.6570589805177,6.33539951961569,-13469.467,1.08190313700394,180.667479180661,0,315
15620,3722,53.8688876947878,4.19666845781838,-8982.5,1.07765156222813,183.764705882353,0,316
14750,2733,53.3479692645445,5.39699963410172,-10160,1.08620941582162,153.127433168959,0,317
-245.434,4626,51.621271076524,-0.0530553393860787,-13716.122,0.998900058057147,-1.83383840338587,0,318
21994.36,1468,55.858310626703,14.9825340599455,-5643.75,1.21176546956626,484.590691269623,0,319
16342.653,2556,53.5211267605634,6.39383920187793,-9751.252,1.08502759074614,172.050528322036,0,320
38611.542,5746,54.5596936999652,6.71972537417334,-12561.993,1.10428581118234,318.196556032744,0,321
25652,1755,55.4415954415954,14.6165242165242,-5706,1.23343343343343,589.29473926028,0,322
8083.708,977,56.8065506653019,8.27401023541453,-7219.405,1.10449123533241,127.705918223553,0,323
26415.295,3016,55.0066312997347,8.75838693633952,-15346.254,1.10485631758609,177.179762976839,0,324
37116.75,4261,53.9544707815067,8.71080732222483,-4939.25,1.1915186743188,794.06856714981,0,325
11619.5,1660,54.3975903614458,6.99969879518072,-14384.5,1.08844394376489,82.3815094473395,0,326
9374.25,3247,52.9103788112104,2.8870495842316,-5464.375,1.06780399641605,176.664310954064,0,327
48441.16,3688,54.6366594360087,13.1348047722343,-11414.431,1.15311230026467,467.040901062685,0,328
28738.125,1661,56.953642384106,17.301700782661,-6886.875,1.19115977999227,450.529100529101,0,329
35844.75,2934,56.0327198364008,12.2170245398773,-16994.25,1.1267817478283,221.942045137921,0,330
48964.668,3973,55.6254719355651,12.3243564057387,-9220.449,1.18393547909101,544.962620308006,0,331
28803.5,2029,56.8260226712666,14.1959093149335,-6737.5,1.18456210272709,443.130769230769,0,332
18138.125,1660,54.0361445783133,10.9265813253012,-12241.25,1.17422726088403,153.469063987308,0,333
13828.349,2886,53.1878031878032,4.79152772002772,-7285.38,1.08919515038056,200.474309549573,0,334
2884.908,2821,52.2155264090748,1.02265437788018,-12129.654,1.02104465942422,24.490600487926,0,335
21324.157,4284,52.7777777777778,4.9776276844071,-9341.716,1.09490284083892,244.444942460602,0,336
10147.743,1383,54.4468546637744,7.33748590021692,-11550.283,1.11722522528017,92.2498357542256,0,337
37380.316,2316,55.3972366148532,16.1400328151986,-8137.144,1.19716914550706,503.462738415471,0,338
15321.159,1581,55.4079696394687,9.69080265654649,-16942.941,1.10258992237128,92.267635636413,0,339
-4215.96,1496,50.668449197861,-2.8181550802139,-9936.065,0.94288800359939,-44.6060972331155,0,340
9781.763,1453,55.9532002752925,6.73211493461803,-15935.72,1.07350997542587,63.0848680357958,0,341
12853.822,2027,53.2807104094721,6.34130340404539,-6414.661,1.11009474531762,223.176702349274,0,342
46081.9,2831,55.66937477923,16.2776050865419,-9057.322,1.1890342511551,562.991895107988,0,343
2948.75,1960,53.9285714285714,1.50446428571429,-9705,1.02168118819161,31.660179841632,0,344
20694.875,1400,55,14.7820535714286,-8530.25,1.21246841380514,338.186089265652,0,345
6088.375,1586,53.9092055485498,3.83882408575032,-11005.5,1.04555053044246,58.1201374636056,0,346
21641.779,1727,54.3717429067748,12.5314296467863,-9861.43,1.14100814083715,235.008616636243,0,347
16439.264,3611,53.1985599556909,4.55255164774301,-10964.565,1.07874767729459,155.607580624474,0,348
31922.5,5471,51.8552367026138,5.8348565161762,-6985,1.12244330440619,467.215514087084,0,349
28226.5,5129,53.6751803470462,5.50331448625463,-11138.875,1.10794805383539,260.515234370493,0,350
23142.005,2868,53.207810320781,8.06903940027894,-7482.504,1.17340997430098,316.688228976679,0,351
21537.75,3039,54.820664692333,7.08711747285291,-15462.5,1.08476158804871,145.035353535354,0,352
33330,4277,52.6771101239186,7.79284545241992,-8647.5,1.12873199181183,423.506988564168,0,353
17920,1092,55.2197802197802,16.4102564102564,-4020,1.2110842805819,477.866666666667,0,354
26248,2581,55.7148392096087,10.1697016660209,-7355.5,1.13422242222177,396.330829338266,0,355
15261.375,5842,53.1667237247518,2.61235450188292,-7942.875,1.06037464710865,202.866257913364,0,356
13930.002,2635,53.3965844402277,5.28652827324478,-11341.263,1.0744458814273,127.141909609143,0,357
7384.204,1185,54.4303797468354,6.23139578059072,-12632.515,1.0662196586548,66.0777994481439,0,358
28579.5,2815,54.9200710479574,10.1525754884547,-14134.75,1.13242546014366,208.480140059087,0,359
27170.637,2659,54.8326438510718,10.2183666792027,-8914.286,1.13159922045879,329.869405372435,0,360
13930.865,1437,55.1844119693807,9.69440848990953,-4515.811,1.17007078900475,324.289522979479,0,361
-3999.625,1560,51.0897435897436,-2.56386217948718,-14700.25,0.950795647466968,-27.6140914112124,0,362
13104.292,2054,54.4790652385589,6.37988899707887,-11777.728,1.09719886443044,115.836710650163,0,363
37383.914,5456,53.4274193548387,6.85189039589443,-11925,1.11287936873209,335.679557818566,0,364
51681.455,3350,55.7910447761194,15.4273,-9355.716,1.19982544764203,571.020624224647,0,365
21875.375,2327,54.7056295659648,9.40067683712935,-10073,1.13082135715487,233.076287890896,0,366
29453.195,2808,55.1994301994302,10.4890295584046,-9691.076,1.11877415319908,322.527957238637,0,367
21376.625,1478,55.1420838971583,14.4632104194858,-6302.5,1.17564998392565,377.345542806708,0,368
40772.029,3452,53.5921205098494,11.811132387022,-9447.346,1.1521513378557,442.280245278131,0,369
12303.03,2210,53.8914027149321,5.56698190045249,-11589.465,1.11911894256408,110.718761263197,0,370
42717.75,5006,55.3335996803835,8.53331002796644,-11712.25,1.12360469010756,386.332496778132,0,371
21748,2085,54.5803357314149,10.4306954436451,-9585,1.15970552732914,236.970852628712,0,372
16252.5,1470,55.3061224489796,11.0561224489796,-5277.5,1.15855130784708,345.430393198725,0,373
11214.791,4140,54.1304347826087,2.70888671497585,-8177.282,1.06526199936814,141.756631875499,0,374
1552.017,1291,53.9116963594113,1.20218202943455,-11556.798,1.01883326644078,13.6659734548418,0,375
22839.75,1879,54.5502927088877,12.1552687599787,-12506.25,1.14504191274528,195.232396623571,0,376
32148.513,3133,54.8356208107245,10.2612553463134,-12223.908,1.12480253452713,284.57486001633,0,377
15140.498,2021,54.1316180108857,7.49158733300346,-18007.414,1.09054189238554,87.3032900725355,0,378
21280.625,2312,55.7093425605536,9.20442257785467,-15497.5,1.09811119595442,140.803076668596,0,379
28811.25,2906,54.2326221610461,9.91440123881624,-5494.125,1.14095376943855,549.138732042027,0,380
10754.481,1741,53.4750143595635,6.17718609994256,-10514.289,1.11559753297478,107.58319568422,0,381
34733.105,3273,54.4454628780935,10.6120088603727,-7538.75,1.14270939833233,515.04140871177,0,382
13170,1654,54.2926239419589,7.96251511487303,-11740,1.1058511493329,116.858917480036,0,383
23162.994,1714,55.0175029171529,13.5139988331389,-7482.5,1.1741847238386,376.109818964526,0,384
30426.741,3655,54.7195622435021,8.32468974008208,-14314.352,1.11294565354628,216.706360062103,0,385
41529.331,7025,53.9074733096085,5.91164854092527,-10107.5,1.11905960171797,426.488636713736,0,386
23784.375,2817,55.2005679801207,8.44315761448349,-12115,1.10110201327304,203.938906752412,0,387
4989.417,1361,54.5922116091109,3.66599338721528,-10036.226,1.05727906933574,51.530165141977,0,388
37811.222,4144,54.2712355212355,9.12432963320463,-9238.215,1.16029696127567,478.731232310085,0,389
23168.173,3101,53.3053853595614,7.47119413092551,-10691.072,1.1020141182822,221.947724267266,0,390
15096.748,1495,55.4515050167224,10.0981591973244,-12628.932,1.118557288966,121.147778200772,0,391
14934,2892,53.9764868603043,5.16390041493776,-14014,1.08266036409527,108.65832363213,0,392
27266.76,3647,53.7153825061695,7.47649026597203,-7602.5,1.12817090702757,418.018540642991,0,393
14563.5,4703,52.2857750372103,3.09664044227089,-9084.25,1.05627062913488,164.876033057851,0,394
19280,3961,52.4867457712699,4.86745771269881,-6337.5,1.11389413988658,320.132835201328,0,395
20325.134,1591,54.3054682589566,12.7750685103708,-9307.547,1.16164618016649,233.856139784875,0,396
37224.668,5366,53.5035408125233,6.9371352963101,-10393.043,1.13272522898524,413.008880574519,0,397
13399.679,1696,55.5424528301887,7.90075412735849,-14150.313,1.09848586265518,99.7719040501886,0,398
10544.375,2097,53.5526943252265,5.02831425846447,-8477.625,1.09497308598636,141.756432016401,0,399
29566.834,3942,54.1349568746829,7.50046524606799,-9396.888,1.12228676652184,322.188022780707,0,400
13404.261,4443,52.6221021832095,3.01693923024983,-13583.944,1.06615356178396,103.913736533107,0,401
33520.5,2382,55.0797649034425,14.0724181360202,-5912.5,1.1652181949245,660.372340425532,0,402
28250.625,1894,55.1742344244984,14.9158526927138,-11628.75,1.16143444906356,252.604224879848,0,403
24545.5,2352,55.187074829932,10.4360119047619,-10728.5,1.1232271862402,242.221345043667,0,404
13736.5,2270,53.7444933920705,6.05132158590308,-14760.5,1.07422066010542,96.7154826445117,0,405
10889.954,2269,53.4596738651388,4.79945085940943,-7963.933,1.11787074103559,141.447574618457,0,406
36636.236,1881,56.2466772993089,19.4769994683679,-6502.591,1.24045364297458,581.058005348376,0,407
18475,1569,56.1504142766093,11.7750159337157,-11391.875,1.12444219920855,167.773426414666,0,408
22201.328,3147,53.5748331744519,7.05475945344773,-11232.863,1.12145167204605,208.449081376658,0,409
11147.5,2208,51.4492753623188,5.0486865942029,-12365,1.08279024861212,95.3185121846943,0,410
5800,5737,53.0416594038696,1.01098134913718,-14126.5,1.02123740859676,41.4833887637235,0,411
5920,1375,53.8909090909091,4.30545454545454,-6909,1.08038317791907,91.4144533662755,0,412
27894,2775,56.4684684684685,10.0518918918919,-13399.75,1.12541688164102,216.6566341094,0,413
19860,4245,53.2626619552415,4.67844522968198,-11587.367,1.09385646089091,178.118716573032,0,414
8944.5,2434,50.9038619556286,3.67481511914544,-8171,1.08016113782303,113.494480395889,0,415
25042.804,3502,53.7978298115363,7.15100057110223,-12908.929,1.11165775522193,200.600339844932,0,416
49685.5,5075,55.1133004926108,9.79024630541872,-9691.375,1.17512391341701,526.671171708338,0,417
19260,1468,53.2016348773842,13.1198910081744,-5377.5,1.17732765565658,449.212827988338,0,418
19345.076,1806,55.0387596899225,10.7115592469546,-10948.63,1.11224080077547,190.383116838383,0,419
22871.793,1704,53.9906103286385,13.4224137323944,-8304.878,1.2095510652129,291.63199106429,0,420
31939.658,4724,54.1913632514818,6.76114690939881,-10569.455,1.14123312456681,347.940467772513,0,421
38923.875,2839,54.8784783374428,13.7104174004931,-8073.5,1.19758625612716,544.694584382872,0,422
14910.005,2112,54.0719696969697,7.05966145833333,-11180.326,1.12069888337623,144.577296271652,0,423
21514.283,1393,57.8607322325915,15.444567839196,-10042.771,1.18878254549758,239.719202187016,0,424
22753.375,1621,55.2128315854411,14.036628624306,-7116.625,1.18091257851634,349.749255452013,0,425
7507.782,2391,53.9523212045169,3.14001756587202,-12682.511,1.03363103441561,62.6823218947576,0,426
16233.625,2438,53.9786710418376,6.65858285479902,-8201.5,1.10941551931278,203.840781026824,0,427
18347.538,1886,55.3022269353128,9.72828101802757,-13515.898,1.1134764803311,142.41225800833,0,428
8797.375,1866,53.8585209003215,4.71456323687031,-12710,1.06667115062892,72.585602310231,0,429
29620,2579,53.9356339666537,11.4850717332299,-5567.5,1.20324910366596,650.989010989011,0,430
14343,2183,54.6495648190563,6.57031607879066,-8576.25,1.074805300469,182.095758018187,0,431
18502.625,2203,54.1534271448025,8.39883113935542,-13883,1.09542348154752,137.612026328511,0,432
9159.019,1408,54.7585227272727,6.50498508522727,-13763.039,1.08128844807371,67.3965975053965,0,433
33801.78,1861,55.3465878559914,18.1632348199893,-6217.315,1.23440452548336,587.110137277533,0,434
36715.951,2735,55.5027422303474,13.4244793418647,-7853.937,1.15610709557995,535.914790076893,0,435
3470.856,2378,54.0790580319596,1.45956938603869,-15135.897,1.0176720923463,23.7755967316138,0,436
12178.125,1946,53.6998972250771,6.25802929085303,-12166.25,1.09097275719588,103.544478690615,0,437
17573.977,1595,55.1724137931034,11.0181673981191,-10695.18,1.13824819390739,176.000602893488,0,438
11511.131,1753,53.6223616657159,6.56653223046207,-8284.728,1.09371921807326,155.068302155453,0,439
8496,1349,52.1868050407709,6.29799851742031,-6751,1.12922655715264,129.695073083235,0,440
22259.399,2968,53.167115902965,7.49979750673854,-9235.358,1.13362600058546,244.935594284154,0,441
25775.133,1164,56.9587628865979,22.1435850515464,-10311.564,1.28982955175468,260.840621990608,0,442
25008.125,2366,55.2409129332206,10.5697907861369,-9601.875,1.12501171604067,271.329761985489,0,443
46875.614,3496,54.7482837528604,13.4083564073227,-11696.567,1.19139707800532,442.157409371652,0,444
11722.5,2181,51.8569463548831,5.3748280605227,-7410,1.08672252122288,170.447110141767,0,445
43829.609,2609,55.5001916443082,16.7993901878114,-6897.5,1.24797908117392,696.151959114248,0,446
20214.761,1432,53.840782122905,14.1164532122905,-5960.271,1.16578954635302,397.320575159535,0,447
18460,2409,53.5076795350768,7.66293067662931,-10130,1.11764518441807,189.820051413882,0,448
17353.448,1475,55.7966101694915,11.7650494915254,-8937.864,1.14348970454667,206.518253776331,0,449
4173.75,2439,52.3985239852399,1.71125461254613,-7507,1.03639300521862,60.7798165137615,0,450
36400,5170,53.6943907156673,7.04061895551257,-10470,1.10382053878296,380.454664227855,0,451
18932.023,2289,53.997378768021,8.27087068588903,-8613.306,1.12744168037292,224.424589659838,0,452
6507.5,2493,52.2663457681508,2.6103088648215,-11730,1.05380277963804,57.3474333553646,0,453
37041.682,2579,55.4090732842187,14.3628080651415,-7707.503,1.17196435428086,521.241630117617,0,454
12219.9,2015,54.2928039702233,6.06446650124069,-5703.082,1.1130741857211,223.068950044924,0,455
24400,1350,55.6296296296296,18.0740740740741,-6324.75,1.24441397617214,398.489333469429,0,456
10138.75,2569,53.9120280264694,3.94657454262359,-8188.5,1.06657593974594,134.403791343541,0,457
12628.386,2334,53.9845758354756,5.41061953727506,-16553.402,1.06541633020176,79.4947566413044,0,458
2765,1527,54.0929927963327,1.81074001309758,-13418.75,1.02158954488224,21.2345204953441,0,459
9800.625,1585,54.3217665615142,6.1833596214511,-12776.875,1.07319053997918,81.7826223010326,0,460
18272.246,2299,55.241409308395,7.94791039582427,-16153.395,1.09065531789031,115.934063389167,0,461
25216.326,1710,53.5672514619883,14.7463894736842,-9275.193,1.24981920143654,285.731156247801,0,462
23411,2747,53.7677466326902,8.52238805970149,-9346.125,1.11204672163071,271.302130864949,0,463
9827.902,1471,54.7926580557444,6.68110265125765,-7544.828,1.08231312161715,134.955497747424,0,464
15181.22,1550,56.1935483870968,9.79433548387097,-5396.608,1.16568407788172,306.282441540667,0,465
19260,1468,53.2016348773842,13.1198910081744,-5377.5,1.17732765565658,449.212827988338,0,466
17339.848,2094,55.8261700095511,8.28072970391595,-6720.689,1.14194423857529,277.962851077452,0,467
29014.25,4425,54.1694915254237,6.55689265536723,-11100,1.09511258954939,264.607843137255,0,468
24252.025,1567,55.0095724313976,15.4767230376516,-3510.186,1.29529964231545,823.547519308455,0,469
17468.125,1760,54.6590909090909,9.92507102272727,-10843.125,1.15563883815209,169.758260447036,0,470
21409,2969,53.8901987201078,7.21084540249242,-12341.75,1.09323944352049,178.493861642037,0,471
25667.001,2960,53.0743243243243,8.67128412162162,-4137.411,1.19268974605314,724.563044773743,0,472
25945.208,1955,55.3452685421995,13.2712061381074,-13495.008,1.17015516498567,208.395111071415,0,473
10515.434,2019,53.7394749876176,5.20823873204557,-7966.085,1.09232188428256,136.351970921079,0,474
27490.555,2615,54.3785850860421,10.5126405353728,-13922.5,1.11537947947588,214.343835345466,0,475
9739,1957,54.6244251405212,4.97649463464486,-7073,1.0923141087314,145.891693506104,0,476
10863.402,1603,53.6494073611978,6.77691952588896,-6795.183,1.11901177801618,169.238810290361,0,477
10193.384,2237,52.3021904336165,4.55672060795709,-9014.696,1.07479563283336,119.120692657286,0,478
24721.62,1708,55.2107728337237,14.4740163934426,-4513.751,1.24504466563254,697.866480806965,0,479
32234.488,2649,55.6436391090978,12.1685496413741,-10608.939,1.1490202209806,320.296933437295,0,480
26918.311,3801,53.9857932123126,7.08190239410681,-6032.628,1.14307294416805,485.440750871756,0,481
24629.975,1700,54.4705882352941,14.4882205882353,-4443.93,1.28395511766038,587.839911673563,0,482
50828.592,5167,54.5190632862396,9.83715734468744,-7280.405,1.15631000884555,803.778162467628,0,483
12237.5,1910,54.9214659685864,6.40706806282722,-7010.625,1.10382090628546,182.632217143923,0,484
18978.5,1681,53.4205829863177,11.29000594884,-11257.5,1.13155350068797,173.955087076077,0,485
41506.767,2515,56.3021868787276,16.5036846918489,-12380,1.17894428427399,358.048453741643,0,486
41249.125,3548,55.4396843291996,11.6260217023675,-12108.5,1.15332971839238,375.299108361387,0,487
39396.4,3707,54.7073104936606,10.6275694631778,-12367.86,1.12658232728673,326.892573948364,0,488
35817.5,4443,53.8825118163403,8.06155750618951,-12137.5,1.13767886143704,302.44880726198,0,489
16010.463,1440,54.0972222222222,11.1183770833333,-4196.742,1.19120932831861,449.60783311579,0,490
6241.547,2244,53.3422459893048,2.781438057041,-9615.005,1.04514222017538,65.6658991762761,0,491
5594.503,1845,55.0677506775068,3.03225094850949,-8687.972,1.04686543262329,70.2123827744375,0,492
36283.703,2151,56.1599256159926,16.8682952115295,-4912.5,1.20523668946392,923.947220190719,0,493
19145.202,4324,52.9602220166513,4.42766003700278,-15782.169,1.07322049205051,126.897246262702,0,494
13560.804,4020,51.9402985074627,3.37333432835821,-5395.628,1.08252875659962,283.513299246853,0,495
12600.465,1276,54.6238244514107,9.87497257053291,-7359.916,1.12530185196065,179.623890008091,0,496
30416.103,7492,53.2835024025627,4.05981086492258,-7736.998,1.08406800224849,420.764569906084,0,497
11214.886,4055,52.9963008631319,2.76569321824907,-8086.38,1.05842407481437,146.048460192111,0,498
6026.289,2295,52.6797385620915,2.6258339869281,-7235.471,1.04595899237492,100.359735593256,0,499
23035.089,3005,53.7437603993344,7.66558702163062,-15537.257,1.10288712070922,155.659510614066,0,500